id,标题,评分,上映日期,海报,主演,地区,电影类型,评论人数
1292365,活着,9.3,1994-05-17,https://img3.doubanio.com/view/photo/s_ratio_poster/public/p2597919477.jpg,"葛优, 巩俐, 姜武, 牛犇, 郭涛, 张璐, 倪大红, 肖聪, 董飞, 刘天池, 董立范, 黄宗洛, 刘燕瑾, 李连义, 杨同顺, 苏岩, 王丽华","中国大陆, 中国香港","剧情, 历史, 家庭",900746
1291828,天堂电影院,9.2,2021-06-11,https://img1.doubanio.com/view/photo/s_ratio_poster/public/p2653054340.jpg,"菲利普·努瓦雷, 萨瓦特利·卡西欧, 雅克·贝汉, 马克·莱昂纳蒂, 莱奥波多·特里耶斯泰, 安东内拉·阿蒂利, 恩佐·卡拉瓦勒, 艾萨·丹尼埃利, 里奥·故罗塔, 普佩拉·玛奇奥, 阿格妮丝·那诺, 塔诺·希玛罗萨, 尼古拉·迪·平托, 罗伯塔·蕾娜, 尼诺·戴罗佐, 玛丽娜·朱迪切, 比阿特丽斯·帕姆, 布丽吉特·佛西, 朱塞佩·托纳多雷","意大利, 法国","剧情, 爱情",705864
1293350,两杆大烟枪,9.1,1998-08-28,https://img1.doubanio.com/view/photo/s_ratio_poster/public/p792443418.jpg,"杰森·弗莱明, 德克斯特·弗莱彻, 尼克·莫兰, 杰森·斯坦森, 斯蒂文·麦金托什, 尼古拉斯·罗尔, 维尼·琼斯, 蓝尼·麦克林, P.H.莫里亚蒂, 弗兰克·哈珀, 史蒂夫·斯威尼, 哈吉·利弗, 罗尼·福克斯, 斯蒂芬·马库斯, 瓦斯·布莱克伍德, 斯汀, 杰克·亚伯拉罕, 罗伯·布莱顿, 薇拉·黛, 阿兰·福德, 席德·戈尔德, 丹尼·约翰-儒勒, 维克多·麦奎尔, 安德鲁·蒂曼, 马修·沃恩, 布拉德·雅各布维茨",英国,"剧情, 喜剧, 犯罪",630061
25814705,小森林 夏秋篇,9.0,2014-08-30,https://img3.doubanio.com/view/photo/s_ratio_poster/public/p2564498893.jpg,"桥本爱, 三浦贵大, 松冈茉优, 温水洋一, 桐岛加恋, 筱川桃音",日本,剧情,446715
1300299,杀人回忆,8.9,2003-05-02,https://img1.doubanio.com/view/photo/s_ratio_poster/public/p1633113220.jpg,"宋康昊, 金相庆, 金雷夏, 宋在浩, 边希峰, 高瑞熙, 柳泰浩, 朴努植, 朴海日, 全美善, 徐永嬅, 崔钟律, 刘承睦, 申贤宗, 李在应, 郑仁仙, 吴龙, 朴真宇, 朴泰京, 沈成宝, 朴镇宇, 廉惠兰, 李东勇, 赵德济, 申文成, 孙康国, 李大贤, 李玉珠, 刘仁秀, 千明宰, 郭秀贞, 曹文义, 朴贤英, 申贤胜, 權炳吉, 金周灵, 金荷景, 金熙珍, 崔铉基, 李江山, 孙镇浩, 白奉基, 刘琴, 禹高娜, 申云燮, 金景来, 李勋京, 李多一, 金景来, 崔交植",韩国,"剧情, 动作, 犯罪, 悬疑, 惊悚",768647
1302425,喜剧之王,8.8,1999-02-13,https://img3.doubanio.com/view/photo/s_ratio_poster/public/p2579932167.jpg,"周星驰, 张柏芝, 莫文蔚, 吴孟达, 林子善, 田启文, 李兆基, 成龙, 李思捷, 郑文辉, 明德丰, 戚务振, 戴龙, 詹小玲, 陈宝骏, 冯勉恒, 叶竞生, 徐志雄, 侯焕玲, 胡立成, 袁富华, 郑祖",中国香港,"喜剧, 剧情, 爱情",1021183
1296339,爱在黎明破晓前,8.8,1995-01-27,https://img9.doubanio.com/view/photo/s_ratio_poster/public/p2555762374.jpg,"伊桑·霍克, 朱莉·德尔佩, 安德莉亚·埃克特, 汉诺·波西尔, 卡尔·布拉克施魏格尔, 特克斯·鲁比诺威茨, 埃尔尼·曼戈尔德, 多米尼克·卡斯特尔, 海蒙·玛丽亚·巴汀格, 哈拉尔德·魏格莱因, 汉斯·魏因加特纳, 彼得·艾利·休默, 休伯特·法比安·库尔特勒, 约翰·斯洛斯, 克里斯蒂安·安科维奇, 亚当·戈德堡, 保罗·波伊特, 金·克里桑","美国, 奥地利, 瑞士","剧情, 爱情",731815
3726072,东邪西毒：终极版,8.8,2009-03-26,https://img9.doubanio.com/view/photo/s_ratio_poster/public/p792502535.jpg,"张国荣, 林青霞, 梁朝伟, 张学友, 张曼玉, 刘嘉玲, 梁家辉, 杨采妮, 白丽, 廖静妮, 邹兆龙","中国香港, 中国大陆, 中国台湾","剧情, 动作, 爱情",210748
1418200,傲慢与偏见,8.7,2005-09-16,https://img1.doubanio.com/view/photo/s_ratio_poster/public/p2016401659.jpg,"凯拉·奈特莉, 马修·麦克费登, 唐纳德·萨瑟兰, 布兰达·布莱斯, 凯瑞·穆里根, 裴淳华, 吉娜·马隆, 妲露拉·莱莉, 朱迪·丹奇, 西蒙·伍兹, 克劳迪·布莱克利, 汤姆·霍兰德尔, 鲁伯特·弗兰德, 凯利·蕾莉, 皮普·托伦斯, 西妮德·马修斯, 佩内洛普·威尔顿, 塔姆金·莫钦特, 利亚姆·托马斯, Samantha Bloom, 汤姆·霍兰德, 莫亚布雷迪, 梅格·韦恩·欧文, 彼得·怀特, Roy Holder","法国, 英国, 美国","剧情, 爱情",853002
1302827,人工智能,8.7,2001-06-29,https://img3.doubanio.com/view/photo/s_ratio_poster/public/p792257137.jpg,"海利·乔·奥斯蒙, 弗兰西丝·奥康纳, 山姆·洛巴兹, 杰克·托马斯, 裘德·洛, 威廉·赫特, 梁振邦, 克拉克·格雷格, 凯文·苏斯曼, 汤姆·加洛普, 尤金·奥斯门特, 艾普尔·格雷斯, 马特·温斯顿, 萨布丽娜·格德维奇, 西奥·格林利, 梅丽尔·斯特里普, 罗宾·威廉姆斯, 本·金斯利, 成宫宽贵, 布莱丹·格里森, 克里斯·洛克, 凯瑟琳·莫里斯, 艾德里安·格尼尔, 恩里克·克兰东尼, 凯蒂·罗曼, 黛维·切斯, 阿什利·斯科特, 葆拉·马尔科姆森, 海利·金, 克莱拉·贝拉, 贾斯蒂娜·马查多, 杰雷米·詹姆斯·基斯纳尔, 丽纳·欧文, 布伦特·塞克斯顿, 罗尼·吉恩·贝尔维斯, 劳伦斯·梅森, 迈克尔·肖姆斯·维尔斯, 迈克尔·曼特尔, 杰克·安杰尔, 克劳迪娅·卡茨, 吉姆·简森, 马特·马洛伊, 克里斯巴勒莫, 提姆·里格比, Lily Knight, 维恩·维尔德森, Miguel Pérez, 黛安·弗莱彻, 基思·坎贝尔, Mark Allan Staubach, Dillon McEwin, Bobby Harwell, Michael Fishman, Kelly Felix, Al Jourgensen, 亚当·亚里克斯-马里, 迈克尔·贝雷瑟, 杰伊男爵, Paul Barker, Andy Morrow, 柯特·杨伯格","美国, 英国","剧情, 科幻",471156
27113517,血观音,8.6,2017-10-15,https://img2.doubanio.com/view/photo/s_ratio_poster/public/p2561016941.jpg,"惠英红, 吴可熙, 文淇, 柯佳嬿, 陈莎莉, 丁强, 刘尚谦, 林志儒, 王月, 温贞菱, 王伟六, 陈珮骐, 尹昭德, 大久保麻梨子, 巫书维, 颜毓麟, 刘越逖, 傅子纯, 陈武康, 施名帅, 秀兰玛雅, 应朗丰, 李铨, 陈子见, 张扬, 王伟六",中国台湾,"剧情, 悬疑",482991
30257175,燃烧女子的肖像,8.7,2019-05-19,https://img2.doubanio.com/view/photo/s_ratio_poster/public/p2584308261.jpg,"诺米·梅兰特, 阿黛拉·哈内尔, 卢安娜·巴杰拉米, 瓦莱丽亚·戈利诺, 克里斯特尔·巴拉斯, 阿曼德·博兰格, 盖·德拉玛什, 米歇尔·克莱门特, 克莱门特·布依索, 塞西尔·莫雷尔",法国,"剧情, 爱情, 同性",231295
4798888,叫我第一名,8.7,2008-12-07,https://img1.doubanio.com/view/photo/s_ratio_poster/public/p628364149.jpg,"詹姆斯·沃克, 特里特·威廉斯, 多米尼克·斯科特·凯伊, 莎拉·德鲁, 凯瑟琳·约克, 乔·克里斯特, 帕翠西亚·希顿, 约翰尼·帕卡, Charlie Finn, 尼古拉斯·斯塔格尔, Katherine Shepler, Lori Beth Denberg, Derek Wayne Johnson, 查尔斯·亨利·维森",美国,"剧情, 传记",202185
1292288,公民凯恩,8.8,1941-09-05,https://img1.doubanio.com/view/photo/s_ratio_poster/public/p1474928139.jpg,"奥逊·威尔斯, 约瑟夫·科顿, 多萝西·康明戈尔, 阿格妮丝·摩尔海德, 埃弗雷特·斯隆, 哈里·香农, 雷·柯林斯, 鲁斯·沃里克, 保罗·斯图尔特",美国,"剧情, 悬疑",123651
26614893,完美陌生人,8.5,2018-05-25,https://img9.doubanio.com/view/photo/s_ratio_poster/public/p2522331945.jpg,"马可·贾利尼, 卡夏·斯穆特尼亚克, 爱德华多·莱奥, 阿尔芭·罗尔瓦赫尔, 瓦莱里奥·马斯坦德雷亚, 安娜·福列塔, 朱塞佩·巴蒂斯通, 贝内黛塔·波尔卡罗利, 伊丽莎白·德·帕罗奥",意大利,"剧情, 喜剧",528965
1853621,落叶归根,8.5,2007-01-19,https://img2.doubanio.com/view/photo/s_ratio_poster/public/p1298673351.jpg,"赵本山, 郭德纲, 洪启文, 宋丹丹, 胡军, 廖凡, 午马, 郭涛, 夏雨, 孙海英, 刘金山, 付立加, 张镝, 刘园媛, 刘波, 纳伊莎","中国大陆, 中国香港","剧情, 喜剧",222685
1301168,卧虎藏龙,8.4,2000-10-13,https://img3.doubanio.com/view/photo/s_ratio_poster/public/p2908175252.jpg,"周润发, 杨紫琼, 章子怡, 张震, 郎雄, 郑佩佩, 李法曾, 高西安, 海燕, 王德明, 李黎, 黄素影, 张金庭, 杨蕊, 李凯, 冯建华, 杜振西, 徐成林, 林峰, 王文升, 宋东, 马中轩, 李保成, 杨永德, 张少军, 马宁, 褚建民, 董长生, 徐怡, 斌子, 张少成, 魏晶琦, 黄伟辉, 林志泰, 陈少华","中国台湾, 中国香港, 美国, 中国大陆","剧情, 爱情, 武侠",500705
1766086,太阳照常升起,8.4,2007-09-21,https://img9.doubanio.com/view/photo/s_ratio_poster/public/p453675494.jpg,"房祖名, 周韵, 姜文, 黄秋生, 陈冲, 孔维, 崔健, 李加民",中国大陆,"剧情, 奇幻",314711
3236904,自闭历程,8.9,2010-02-06,https://img9.doubanio.com/view/photo/s_ratio_poster/public/p583188016.jpg,"克莱尔·丹尼斯, 朱莉娅·奥蒙德, 凯瑟琳·欧哈拉, 大卫·斯特雷泽恩, 巴瑞·塔布, 谢拉米·李, 查尔斯·贝克, 布莱尔·波马尔, 梅丽莎·法曼, 科洛·埃文斯, 辛蒂·威廉斯",美国,"剧情, 传记",70418
6537486,登堂入室,8.5,2012-10-10,https://img1.doubanio.com/view/photo/s_ratio_poster/public/p1581587840.jpg,"法布莱斯·鲁奇尼, 恩斯特·吴默埃, 克里斯汀·斯科特·托马斯, 艾玛纽尔·塞尼耶, 德尼·梅诺谢, 巴斯蒂安·乌盖托, 让-弗朗索瓦·巴尔梅, 友兰达·梦露, 麦赫迪·麦斯卡尔, 让娜·比蒂诺娃, 文森特·施米特",法国,"剧情, 悬疑",176150
1306506,阿Q正传,8.8,1981,https://img9.doubanio.com/view/photo/s_ratio_poster/public/p2700219205.jpg,"严顺开, 王苏娅, 李纬, 孙道临, 六小龄童, 李定保, 梁明, 温锡莹, 曹铎, 朱莎, 杨宝河, 李兰发, 史原, 许守钦, 张幼云, 强明, 阙云祥, 陈希, 周志清, 金一康, 张琦军, 倪以临, 袁岳, 包福明",中国大陆,剧情,40725
26952704,巴斯特·斯克鲁格斯的歌谣,8.5,2018-08-31,https://img3.doubanio.com/view/photo/s_ratio_poster/public/p2539127687.jpg,"哈利·米尔林, 佐伊·卡赞, 连姆·尼森, 詹姆斯·弗兰科, 大卫·克朗姆霍茨, 汤姆·威兹, 克兰西·布朗, 蒂姆·布雷克·尼尔森, 布莱丹·格里森, 比尔·赫克, 斯蒂芬·鲁特, 泰恩·黛莉, 拉尔夫·伊内森, 切尔西·罗斯, 绍尔·鲁宾内克, 琼乔·奥雷尔, 马修·维利希, 杰西·卢肯, 保罗·瑞, 葛人杰·海恩斯, 杰弗森·梅斯, 山姆·狄龙, 比利·洛克伍德, 汤姆·普罗克特, E·E·贝尔, 丹尼·麦卡锡, 杰克莫·巴泽尔, 伊索·阿克瑞恩",美国,"剧情, 喜剧, 爱情, 西部, 悬疑, 歌舞",143770
1294252,雾中风景,9.0,1988-08-31,https://img3.doubanio.com/view/photo/s_ratio_poster/public/p1117765592.jpg,"米哈利斯·齐克, 塔尼娅·帕拉依奥罗葛, 斯特拉托斯·楚措格卢, 伊娃·科塔曼尼多, 阿利基·耶奥古利, 瓦西利斯·科洛沃斯, 伊利亚斯·洛戈塞蒂斯, 万格利斯·卡赞, 斯特拉托斯·帕希斯, 米哈利斯·扬纳托斯, 基里亚科斯·卡特里瓦诺斯, 格里戈里斯·埃万耶拉托斯, 扬尼斯·菲里奥斯, 苏格拉底·阿拉富佐斯, 季米特里斯·卡比里迪斯, 塔索斯·帕拉兹迪斯, 耶拉西莫斯·斯奇戴尔西斯, 陶拉·斯塔索普洛斯, Nina Papazaphiropoulou","希腊, 法国, 意大利",剧情,51001
1857099,老无所依,8.3,2007-05-19,https://img1.doubanio.com/view/photo/s_ratio_poster/public/p551171670.jpg,"汤米·李·琼斯, 哈维尔·巴登, 乔什·布洛林, 伍迪·哈里森, 凯莉·麦克唐纳, 加瑞特·迪拉胡特, 泰丝·哈珀, 巴里·柯宾, 斯蒂芬·鲁特, 贝丝·格兰特, 安娜·里德, 姬特·格温, 吉因·琼斯, 迈克·沃特福德, 卡莱伯·兰德里·琼斯, 乔什·布雷洛克, 布兰顿·史密斯, 克里斯·华纳, 费尔南多·劳拉, 卢斯·雷恩斯, 安吉洛·马丁内兹, 尊尼·赫克托, 扎克·霍普金斯, 托马斯·科帕切, 理查德·杰克森, 乔什·迈尔, Chip Love, Kathy Lamkin, Eduardo Antonio Garcia, Rodger Boyce, 布拉德·雅各布维茨, 马修·波西, 罗兰·乌利比",美国,"犯罪, 剧情, 惊悚",324171
3036997,立春,8.3,2008-04-10,https://img9.doubanio.com/view/photo/s_ratio_poster/public/p582511565.jpg,"蒋雯丽, 张瑶, 李光洁, 董璇, 焦刚, 吴国华, 张静初, 孙佺, 冯粒",中国大陆,剧情,157410
25919910,师父,8.2,2015-12-10,https://img3.doubanio.com/view/photo/s_ratio_poster/public/p2554541437.jpg,"廖凡, 宋佳, 蒋雯丽, 金士杰, 宋洋, 黄觉, 麦迪娜, 张傲月, 马君, 陈观泰, 熊欣欣, 戴立忍, 裘继戎, 李博, 邹家豪, 卡丽娜, 赵贵祥, 李春遂, 张蒙生, 彭志, 刘洪林, 王宝山, 刘子威, 陈韦然, 赵峥, 李桂生, 薄冰, 谢勇, 尚言生, 杨晓波, 刘妙, 艾琳, 刘新义, 安东·夏波瓦洛, 李一明, 李光复, 闫长海, 杜月, 高肖雅, 鲁冠廷, 柳青伶, 崔陆萌, 王星凯, 冯启龙, 任思扬, 秦伯坤, 赵英龙, 徐悦, 陈大成, 达伦·格罗夫纳, 乔鸣麟",中国大陆,"剧情, 动作, 武侠",344371
5360889,月升王国,8.4,2012-05-16,https://img9.doubanio.com/view/photo/s_ratio_poster/public/p1791964116.jpg,"杰瑞德·吉尔曼, 卡拉·海沃德, 布鲁斯·威利斯, 爱德华·诺顿, 弗兰西斯·麦克多蒙德, 蒂尔达·斯文顿, 比尔·默瑞, 詹森·舒瓦兹曼, 哈威·凯特尔, 玛丽安娜·巴萨姆, 杰克·莱恩, 鲍勃·巴拉班, 肖姆斯·戴维-菲茨帕特里克, 拉里·派恩, 加布里埃尔·拉什, 卢卡斯·赫奇斯, 凯文·德科斯泰",美国,"剧情, 儿童",140181
2208890,姊姊妹妹站起来,9.2,1951,https://img3.doubanio.com/view/photo/s_ratio_poster/public/p2532438503.jpg,"梁明, 李纬, 石挥, 程之, 陈奇, 崔超明, 苏芸, 俞仲英, 宏霞, 徐薇, 茂路, 田振东, 胡小菡, 田太宣, 程晨, 丁力, 李春晓, 罗玲, 张劭, 黄温如, 石灵, 李凌云, 刘豁然, 江山, 李萌, 丁文",中国大陆,剧情,19969
30318116,利刃出鞘,8.1,2019-11-29,https://img3.doubanio.com/view/photo/s_ratio_poster/public/p2574172427.jpg,"丹尼尔·克雷格, 安娜·德·阿玛斯, 克里斯·埃文斯, 杰米·李·柯蒂斯, 迈克尔·珊农, 唐·约翰逊, 托妮·科莱特, 勒凯斯·斯坦菲尔德, 克里斯托弗·普卢默, 凯瑟琳·兰福德, 杰登·马泰尔, 瑞琪·琳德赫姆, 艾迪·帕特森, 弗兰克·奥兹, K·卡兰, 诺阿·西甘, M·埃梅特·沃尔什, 玛琳娜·福特, 劳尔·卡斯提洛, 雪莉·罗德里格斯, 约瑟夫·高登-莱维特, 加布里埃尔·洛莱斯, 玛塞拉·贾拉米洛",美国,"剧情, 喜剧, 犯罪, 悬疑",850746
25890005,山河故人,8.1,2015-10-30,https://img1.doubanio.com/view/photo/s_ratio_poster/public/p2274320140.jpg,"赵涛, 张译, 梁景东, 董子健, 张艾嘉, 荣梓杉, 梁永浩, 刘陆, 原文倩, 马修·拉克劳, 杨苏, 李竺斌, 西蒙·沃基斯, 耶稣·恩克, 柳敏, 安娜·萨森, Yee Yang, 白建才","中国大陆, 法国, 日本","剧情, 家庭",323908
1361276,八部半,8.6,1963-01-02,https://img1.doubanio.com/view/photo/s_ratio_poster/public/p2161627049.jpg,"马塞洛·马斯楚安尼, 克劳迪娅·卡汀娜, 阿努克·艾梅, 桑德拉·米洛, 罗塞拉·法鲁克, 芭芭拉·斯蒂尔, 玛德琳·勒博, 卡特丽娜·波拿托, 埃达·盖尔, 圭多·阿尔贝蒂, 让·鲁热尔, 马里奥·皮苏, 米诺·多罗, 纳迪亚·桑德斯, 乔治娅·西蒙斯, 罗塞拉·科莫, 马克·赫伦, Marisa Colomber, Neil Robinson, 尤金·沃尔特, Gilda Dahlberg, Francesco Rigamonti, Giuditta Rissone, 安尼巴莱·宁基, 安东尼奥·阿夸, 玛利亚·安东涅塔·贝卢齐, Mathilda Calnan, 朱利奥·卡利, 佛朗哥·卡拉乔洛, 奥琳琵娅·卡瓦莉, Sonia Gessner, 约翰·卡尔森, Roberto Nicolosi, 波利多尔, 尼诺·罗塔, 约翰·斯塔西, 玛利亚·特德斯奇, 艾迪·韦瑟, 安妮·戈拉西尼, 马里奥·科诺奇亚, 切萨里诺·米塞利·皮卡尔迪, 吉落·派达斯, Edward Fleming","意大利, 法国",剧情,66535
1302061,德州巴黎,8.5,1984-05-14,https://img9.doubanio.com/view/photo/s_ratio_poster/public/p2237305324.jpg,"哈利·戴恩·斯坦通, 萨姆·贝瑞, 伯恩哈德·维基, 迪恩·斯托克维尔, 奥萝尔·克莱芒, 亨特·卡森, 维娃, 索科洛·瓦尔迪兹, 娜塔莎·金斯基, 汤姆·法雷尔, 约翰·劳瑞, 童自荣","西德, 法国, 英国, 美国",剧情,75118
5327268,荒野猎人,8.0,2016-03-18,https://img2.doubanio.com/view/photo/s_ratio_poster/public/p2279945831.jpg,"莱昂纳多·迪卡普里奥, 汤姆·哈迪, 多姆纳尔·格里森, 威尔·保尔特, 福勒斯特·古德勒克, 保罗·安德森, 克里斯托弗·约纳尔, 约书亚·博格, 杜安·霍华德, 梅劳·纳克霍克, 亚瑟·雷德克劳德, 克里斯托弗·罗莎蒙德, 罗伯特·莫隆尼, 卢卡斯·哈斯, 布兰登·弗莱彻, 伊曼纽尔·比洛多, 汤姆·盖里, 斯科特·奥林克, 格蕾丝·德芙, 阿德里安·格林·麦莫伦, 哈维尔·博泰特, 布拉德·卡特, 雷·蔡斯, 查尔斯·法西, 杰伊·塔瓦尔, 迈克尔·维拉尔, 尤金·布雷弗·洛克, 法布里斯·埃德, 亚历克斯·比斯平","美国, 中国香港, 中国台湾","剧情, 动作, 冒险",436995
1858802,黑皮书,8.4,2009-02-03,https://img9.doubanio.com/view/photo/s_ratio_poster/public/p2198811825.jpg,"卡里斯·范·侯登, 塞巴斯蒂安·科赫, 汤姆·霍夫曼, 哈里纳·雷金, 瓦尔德马·科布斯, 德雷克·德·林特, 克里斯蒂安·贝克尔, 多尔夫·德弗里斯, 彼得·勃洛克, 米希尔·赫伊斯曼, 弗兰克·拉默斯, 马提亚斯·修奈尔, 约翰尼·德·摩尔, Nolan Hemmings, 加里克·哈根, 提奥·马森, 吉斯·纳贝","荷兰, 德国, 英国, 比利时","剧情, 惊悚, 战争",83812
1292646,情枭的黎明,8.7,1993-11-10,https://img9.doubanio.com/view/photo/s_ratio_poster/public/p1365185044.jpg,"阿尔·帕西诺, 西恩·潘, 佩内洛普·安·米勒, 约翰·雷吉扎莫, 维果·莫腾森, 詹姆斯·瑞布霍恩, 亚德里安·帕斯达, 路易斯·古兹曼, Dan Brennan, Daniel Margotta, 英格丽德·罗杰斯, 约翰·霍伊特",美国,"犯罪, 剧情, 惊悚",48424
30458949,无依之地,8.1,2020-09-11,https://img3.doubanio.com/view/photo/s_ratio_poster/public/p2630453887.jpg,"弗兰西斯·麦克多蒙德, 大卫·斯特雷泽恩, 德里克·贾尼斯, 泰·斯特雷泽恩, 卡特·克利福德, 彼得·斯皮尔斯, 盖伊·德福雷斯特, 帕特里夏·格里尔, 琳达·梅, 安吉拉·雷耶斯, 卡尔·R·休斯, 道格拉斯·G·苏尔, 瑞安·阿基诺, 特蕾莎·布坎南, 凯莉·林恩·麦克德莫特·怀尔德, 布兰迪·威尔伯, 马克西·埃切维里, 鲍勃·威尔斯, 安妮特·威尔斯, 瑞秋·班农, 夏琳·斯旺基",美国,剧情,174688
2044089,杀手没有假期,8.1,2008-01-17,https://img3.doubanio.com/view/photo/s_ratio_poster/public/p2173386253.jpg,"科林·法瑞尔, 布莱丹·格里森, 克蕾曼丝·波西, 拉尔夫·费因斯, 吕迪·布洛姆, 伊丽莎白·贝林顿, 奥利弗·邦泽, 马克·多诺万, 安·艾斯利, 让-马克·法沃兰, 艾力克·高敦, 泽利科·伊万内克, Sachi Kimura, 安娜·梅德利, 路易斯·纳米, 缇奥·史蒂文森, 罗比·凯, 塞伦·希德, 杰瑞米·雷乃, 斯科拉·鲁特, 乔丹·普林蒂斯","英国, 美国","剧情, 喜剧, 犯罪",157074
6538833,内布拉斯加,8.6,2013-05-23,https://img9.doubanio.com/view/photo/s_ratio_poster/public/p2158863675.jpg,"布鲁斯·邓恩, 威尔·福特, 朱恩·斯奎布, 鲍勃·奥登科克, 斯泰西·基齐, 玛丽·路易丝·威尔逊, 兰斯·霍华德, 蒂姆·德里斯科尔, 戴文·雷特瑞, 安吉拉·迈克伊万, 格伦多拉·斯蒂特, 伊丽莎白·穆尔, 凯文·孔克尔, 丹尼斯·麦科伊格, 罗纳德·沃斯塔, 米茜·多蒂",美国,"剧情, 喜剧, 家庭",49556
4847665,壁花少年,8.0,2012-09-08,https://img9.doubanio.com/view/photo/s_ratio_poster/public/p1682183756.jpg,"罗根·勒曼, 艾玛·沃森, 埃兹拉·米勒, 妮娜·杜波夫, 保罗·路德, 梅·惠特曼, 迪伦·麦克德莫特, 凯特·沃什, 梅兰妮·林斯基, 约翰尼·西蒙斯, 布莱恩·巴尔泽里尼, 尼可拉斯·博朗, 朱莉娅·加纳, 汤姆·萨维尼, 张乔星, 亚当·哈根布奇, 埃林·维赫米, Jordan Paley, 里斯·汤普森, 赞恩·霍尔茨, 阿提库斯·凯恩, Dihlon McManne, 兰登·皮格, 珍妮弗·恩斯卡特, 琼·库萨克, 欧文·坎贝尔, Rick Dawson, Pat Frey, 威廉·卡尼亚, Brenden Meers, 杰瑞米·穆恩, 布莱恩·穆勒, 亚历山大·罗德斯",美国,"剧情, 爱情",199333
1780256,金猴降妖,9.2,1985,https://img2.doubanio.com/view/photo/s_ratio_poster/public/p1988812771.jpg,"李扬, 谈鹏飞, 洪融, 吴鲁生, 战车, 赵兵, 毕克, 韦启昌",中国大陆,"剧情, 动画, 奇幻",14708
1292792,我自己的爱达荷,8.3,1991-09-12,https://img2.doubanio.com/view/photo/s_ratio_poster/public/p906164091.jpg,"瑞凡·菲尼克斯, 基努·里维斯, 詹姆斯·拉索, 威廉·里克特, 罗德尼·哈维, 切瑞拉·凯瑟莉, 迈克尔·帕克, 弗利, 格蕾丝·扎布里斯基, 汤姆·特鲁普, 乌多·基尔, 萨莉·柯蒂斯, 罗伯特·李·皮彻林恩, Matthew Ebert, 斯科特·帕特里克·格林, Vana O'Brien, Brian Wilson, 吉姆·卡维泽, Tiger Warren, Massimo Di Cataldo, Heather J. Braden, Kirsten Kuppenbender, Jesse Merz, 格斯·范·桑特",美国,"剧情, 爱情, 同性",69471
1298128,西雅图未眠夜,7.9,1993-06-25,https://img9.doubanio.com/view/photo/s_ratio_poster/public/p480953026.jpg,"汤姆·汉克斯, 梅格·瑞恩, 罗斯·马林格, 丽塔·威尔逊, 维克多·加博, 汤姆·里斯·法雷尔, 凯莉·洛维, 比尔·普尔曼, 勒克朗谢·迪兰德, 凯文·欧莫里森, 戴维·海德·皮尔斯, 瓦莱丽·赖特, 弗兰西丝·康罗伊, 汤姆·塔米, 卡尔文·特里林, 卡罗琳·阿隆, 琳达·瓦勒姆, 拉塔尼娅·理查德森, 罗茜·欧唐内, 汤姆·麦高恩, 史蒂夫·梅勒, 丹娜·爱薇, 布莱恩·麦克康纳契, 罗伯·莱纳, 盖比·霍夫曼, 阿曼达·马厄, 芭芭拉·加里克, 约翰·博伊兰, Jason Bortz, Philip Anagnos, 尼克·泰勒, 克里斯·伯恩, Sidney Armus, 迈克尔·巴达鲁科, 斯考特达西",美国,"喜剧, 爱情, 剧情",234688
1292981,婚姻生活,9.0,1973-04-11,https://img3.doubanio.com/view/photo/s_ratio_poster/public/p2037298187.jpg,"丽芙·乌尔曼, 厄兰·约瑟夫森, 古内尔·林德布洛姆, 毕比·安德松, Wenche Foss, 简·马尔姆斯, 贝蒂尔·诺斯特伦, Anita Wall, Rossana Mariano, 莱娜·贝格曼, 英格玛·伯格曼, 芭布洛·约尔特·阿夫·奥纳斯",瑞典,"剧情, 爱情",28613
1295116,西线无战事,8.9,1930-04-21,https://img3.doubanio.com/view/photo/s_ratio_poster/public/p2209784767.jpg,"路易斯·沃海姆, 刘·艾尔斯, 约翰·雷, 阿诺德·露西, 本·亚历山大, 斯科特·寇克, 小欧文·戴维斯, 沃尔特·罗杰斯, 威廉·贝克韦尔, 拉塞尔·格里森, 理查德·亚历山大, 哈罗德·古德温, 斯利姆·萨默维尔, G·帕特·柯林斯, 贝丽尔·默瑟, 艾德蒙·布里斯, 扎苏·皮茨, 厄尼·亚当斯, Marion Clayton Anderson, Poupée Andriot, 文斯·巴尼特, 黛西·贝尔莫尔, Glen Boles, 海尼·康克林, Yola d'Avril, Arthur Gardner, 雷蒙德·格里菲斯, 埃伦·霍尔, 威廉·欧文, 弗雷德里克·科纳, 汤姆·朗顿, Bertha Mann, 琼·玛什, 埃德温·马克斯韦尔, 杰克·麦克休, Maurice Murphy, 罗伯特·帕里什, 波蒂尔·罗辛, 西戈·鲁曼, 沃尔福冈·施多德, David Tyrell, Dorothy Vernon, 弗雷德·金尼曼",美国,"剧情, 动作, 历史, 战争",30372
1469441,看上去很美,7.9,2006-03-18,https://img1.doubanio.com/view/photo/s_ratio_poster/public/p2567685798.jpg,"董博文, 宁元元, 李昕芸, 陈曼媛, 傅绍杰, 陈励","中国大陆, 意大利","喜剧, 剧情",91788
1294570,爱情短片,8.8,1988-10-21,https://img1.doubanio.com/view/photo/s_ratio_poster/public/p2189908788.jpg,"格拉日娜·沙波沃夫斯卡, 奥拉夫·卢巴申科, 斯特凡尼亚·伊文斯卡, 比奥迪·玛查里卡, 阿图尔·巴奇斯, 汉娜·霍伊纳茨卡, 斯塔尼斯拉娃·加瓦里克, 托马斯兹·格拉多维斯基, 拉法尔·伊穆布罗, 杨·皮科辛斯基, 克雷兹耶托夫·考普佩尔斯基, 杰罗斯拉娃·迈克勒斯卡, 玛乌戈扎塔·罗日尼亚托夫斯卡, 额米莉亚·兹沃克斯卡",波兰,"剧情, 爱情",31833
30135113,骡子,7.9,2019-08-26,https://img1.doubanio.com/view/photo/s_ratio_poster/public/p2563626309.jpg,"克林特·伊斯特伍德, 布莱德利·库珀, 劳伦斯·菲什伯恩, 迈克尔·佩纳, 黛安·韦斯特, 安迪·加西亚, 艾莉森·伊斯特伍德, 泰莎·法米加, 伊格纳西奥·塞利齐奥, 劳恩·迪恩, 尤金·科戴洛, 理查德·赫德, 乔·克内泽维奇, 维克多·罗塞克, 罗伯特·拉萨多, 诺尔·古格雷米, 小克利夫顿·克林斯, 丹尼尔·蒙卡达, 保罗·阿拉约, 卡里姆·J.格里梅斯, 迭戈·卡塔诺, 迪伦·库斯曼, 皮特·布里斯, 曼尼·蒙塔纳, 洛博·塞巴斯蒂安, 泰丝·马里斯·金凯德, 贝琪·阿尔特林格, 蒂莫西·卡尔, 吉尔·弗林特, 凯蒂·吉尔, 杰伦·戈登, 杰伊·古铁雷斯, 塞西尔·M·亨利, 雷·埃尔南德斯, 肖恩·麦克米伦, 德文·奥格登, 帕蒂·舍尔哈斯, 德里克·罗素, 詹姆斯·威廉·巴拉德",美国,"剧情, 犯罪",141164
1477448,南极大冒险,8.7,2006-04-21,https://img9.doubanio.com/view/photo/s_ratio_poster/public/p687048224.jpg,"保罗·沃克, 布鲁斯·格林伍德, 穆恩·布拉得古德, 温迪·古逊, 贾森·比格斯, 马尔科姆·斯图尔特, 加里·切克, 奥古斯特·斯彻伦伯格, 丹·茨斯基, D.J., Koda, 丹尼尔·巴孔, 迈克尔·亚当思韦特, Connor Christopher Levins, Belinda Metz, Brenda Campbell, Levi Woods, Megan McKinnon",美国,"剧情, 冒险",87616
7059671,最佳出价,8.4,2013-01-01,https://img9.doubanio.com/view/photo/s_ratio_poster/public/p2039855496.jpg,"杰弗里·拉什, 吉姆·斯特吉斯, 西尔维娅·侯克斯, 唐纳德·萨瑟兰, 菲利普·杰克森, 德尔莫特·克劳利, 基努娜·斯塔梅尔, 莉亚·科贝德, 肖恩·布坎纳, 濑户叶松, 卡特丽娜·卡波迪丽斯塔, 杰瑞·沙纳汉, 汉纳·布里特兰德, 丽塔·戴维斯",意大利,"剧情, 爱情, 悬疑",205280
1316580,春夏秋冬又一春,8.5,2003-08-14,https://img1.doubanio.com/view/photo/s_ratio_poster/public/p2554626580.jpg,"吴永洙, 金基德, 金永敏, 徐在京, 何丽珍, 池大汉, 崔旻, 金正英, 朴智娥","韩国, 德国",剧情,130184
1308086,昨天,8.7,2001-09-04,https://img9.doubanio.com/view/photo/s_ratio_poster/public/p2871315616.jpg,"贾宏声, 王彤, 贾凤森, 朱洪茂",中国大陆,"传记, 剧情, 音乐",42565
27072795,幸福的拉扎罗,8.5,2018-05-13,https://img3.doubanio.com/view/photo/s_ratio_poster/public/p2521583093.jpg,"阿德里亚诺·塔尔迪奥洛, 阿涅塞·格拉齐亚尼, 卢卡·奇科瓦尼, 阿尔芭·罗尔瓦赫尔, 塞尔希·洛佩斯, 纳塔利诺·巴拉索, 托马索·拉尼奥, 尼可莱塔·布拉斯基, 达里亚·帕斯卡·阿托利尼, 达维德·登奇, 帕斯夸丽纳·斯昆恰, 卢西亚诺·维尔加罗","意大利, 瑞士, 法国, 德国","剧情, 奇幻",116070
1301106,布达佩斯之恋,8.6,1999-10-21,https://img2.doubanio.com/view/photo/s_ratio_poster/public/p467734271.jpg,"艾丽卡·莫露珊, 约阿希姆·克罗尔, 斯特法诺·迪奥尼斯, 本·贝克, 安德拉斯·巴林特, István Mikó, Ferenc Némethy, Zsuzsa Mányai, Anna Ráckevei, 伊尔塞·齐尔斯塔夫, Angelo Franke, Ernst Kahl, Júlia Zsolnai, 提伯·肯德雷西, 朵卡·格莱拉斯, 塞巴斯蒂安·科赫, 马尔塔·巴科, Rolf Becker, 费伦克·巴斯, 卡尔·菲舍尔, Michael Gampe, 马库斯·赫林, László I. Kish, 丹尼斯·莫斯奇托","德国, 匈牙利","爱情, 剧情",85217
1293527,美国X档案,8.5,1998-10-30,https://img3.doubanio.com/view/photo/s_ratio_poster/public/p792437057.jpg,"爱德华·诺顿, 爱德华·福隆, 比佛莉·德安姬罗, 艾弗利·布鲁克斯, 埃利奥特·古尔德, 斯泰西·基齐, 威廉姆·拉斯, 盖·托利, 费尔鲁扎·鲍克, 詹妮弗·林, 伊桑·苏普利, Paul E. Short, 丹尼·皮尔斯, 雷克斯·樟普伊斯",美国,"犯罪, 剧情",101307
35376457,爱情神话,8.1,2021-12-24,https://img2.doubanio.com/view/photo/s_ratio_poster/public/p2772925591.jpg,"徐峥, 马伊琍, 吴越, 倪虹洁, 周野芒, 黄明昊, 王影璐, 宁理, 张芝华, 吴冕, 冯玛娅, 哈姆扎·阿萨尔, 孙思瀚, 赵胤胤, 卫莱, 史航",中国大陆,"剧情, 喜剧, 爱情",765347
25738406,如晴天，似雨天,8.3,2014-09-27,https://img9.doubanio.com/view/photo/s_ratio_poster/public/p2261938616.jpg,"朱利安·夏特金, 莉顿·梅斯特, 黛博拉·梅辛, 欧嘉·梅雷迪斯, 韦恩·普雷特洛, 乔治娅·希梅内斯·里弗谢, 阿尔弗雷多·纳西索, 比利·乔·阿姆斯特朗, 萨布丽娜·马查多, 达茜·福勒, 奥莉维亚·卢卡尔迪, Luiza Valdetaro, 康纳·卡罗尔, 吉恩·史密斯-卡梅隆, 詹姆斯·麦卡弗里",美国,"剧情, 音乐",157489
2037012,革命之路,8.2,2008-12-15,https://img9.doubanio.com/view/photo/s_ratio_poster/public/p480460526.jpg,"凯特·温斯莱特, 莱昂纳多·迪卡普里奥, 克里斯托弗·菲茨杰拉德, 尼尔·布莱德森, 马琳·爱尔兰, 萨曼莎·索尔, 山姆罗森, 大卫·哈伯, 凯瑟琳·科廷, 凯西·贝茨, 理查德·伊斯顿, 凯瑟琳·哈恩, 佐伊·卡赞, 迪伦·贝克, 基思·雷丁, 芮安·辛普金斯, 泰·辛普金斯, 马克斯·凯塞拉, 麦克斯·贝克, 杰伊·桑德斯, 迈克尔·珊农, Jason Etter, Kal Thompson, Racheline Maltese, 文斯·佐丹奴, 克里斯汀·康奈利, 约翰·贝尔曼, Dan Burkarth, 大卫·坎贝尔, 彼得·康博伊, 戴维·基尔, 乔什·格里赛迪, Zoe Hartman, Amy Mielke, Cristina Marie, 肖恩·麦瑞南, Timothy McCartney, 亨尼·罗素, 乔纳森·伊冯, Jared Morrison, 威尔·桑德森, 杰伊·费拉罗","美国, 英国","剧情, 爱情",227289
1294421,伊万的童年,8.8,1962-04-06,https://img3.doubanio.com/view/photo/s_ratio_poster/public/p2360167553.jpg,"尼古拉·布尔里亚耶夫, 瓦连京·祖布科夫, 叶甫盖尼·扎里科夫, 斯捷潘·克雷洛夫, 尼古拉·格林科, 季米特里·米柳坚科, 瓦连京娜·玛利亚维娜, 伊尔玛·拉乌什, 安德烈·康查洛夫斯基, 伊万·萨夫金, 弗拉基米尔·马连科夫",苏联,"剧情, 战争",48809
2133337,斯图尔特：倒带人生,8.6,2007-09-23,https://img9.doubanio.com/view/photo/s_ratio_poster/public/p2170102215.jpg,"汤姆·哈迪, 本尼迪克特·康伯巴奇, 尼古拉·达菲特, 艾德娜·多雷, 莫恩博特斯, Lorna Bennett, 亚当·肖, 理查德·帕蒂弗, 费莉西蒂·迪安",英国,剧情,62187
3364223,了不起的盖茨比,8.0,2013-08-30,https://img1.doubanio.com/view/photo/s_ratio_poster/public/p2091221628.jpg,"莱昂纳多·迪卡普里奥, 凯瑞·穆里根, 托比·马奎尔, 伊丽莎白·德比齐, 艾拉·菲舍尔, 乔尔·埃哲顿, 杰森·克拉克, 卡兰·麦克奥利菲, 阿米达普·巴强, 丽莎·亚当, 史提夫·比斯利, 理查德·卡特, 阿德莱德·克莱蒙丝, 文斯·科洛斯莫, 马克斯·库伦, 马尔·戴, 伊甸·福尔克, 加勒特·威廉·方丹, 肖恩·哈普, Stephen James King, 戈兰·D·克鲁特, 哈米什·迈克尔, 希瑟·米切尔, 凯特·马尔瓦尼, 巴里·奥托, John 'Cha Cha' O'Connell, 尼克·泰特, 杰克·汤普森, 嘉玛·沃德, 马修·惠德特, 费利克斯·威廉森, 比尔·扬, 劳拉·穆拉凯, 巴兹·鲁赫曼, 瑞安·库柏, 金锋, 埃迪·里查德, 杰克·莱恩, 奈杰尔·哈尔巴克","澳大利亚, 美国","剧情, 爱情",683868
25882861,危楼愚夫,8.4,2014-08-09,https://img1.doubanio.com/view/photo/s_ratio_poster/public/p2253299818.jpg,"阿尔焦姆·贝斯特罗夫, 娜塔莉亚·苏尔科娃, 尤里·楚里洛, 鲍里斯·涅夫佐罗夫, 基里尔·波卢欣, 亚历山大·科尔舒诺夫, 奥尔嘉·萨莫希纳, 达里娅·莫罗兹, 谢尔盖·阿尔齐巴舍夫, 叶莲娜·维克托罗夫娜·帕诺娃, 德米特里·库利奇科夫, 伊利亚·伊萨耶夫, 马克西姆·平斯克尔, 柳博夫·鲁坚科, 伊琳娜·尼兹纳, 戈尔戴·科勃泽夫, 彼得·巴兰切耶夫, 罗曼·马约罗夫, 季穆尔·库尔班加列耶夫, 尼娜·安丘霍娃, 尼古拉·宾杰拉, Larisa Domaskina",俄罗斯,剧情,80914
23331914,狂怒,8.0,2014-11-21,https://img9.doubanio.com/view/photo/s_ratio_poster/public/p2209858994.jpg,"布拉德·皮特, 希亚·拉博夫, 罗根·勒曼, 迈克尔·佩纳, 乔·博恩瑟, 吉姆·帕拉克, 布拉德·威廉姆·亨克, 凯文·万斯, 泽维尔·塞缪尔, 詹森·艾萨克, 安娜玛丽亚·玛琳卡, 艾丽西娅·冯·里特贝格, 斯科特·伊斯特伍德, 马利克·奥拉维克, 劳拉·赫兰德, 安库塔·布雷班, 约翰·麦克米兰, 克里斯蒂安·孔特雷拉斯, 斯特拉·斯托克尔, 布兰科·托莫维奇, 杰克·巴农, 艾丁·盖利, 尤金娜·库日敏娜, 丹尼尔·贝茨, 劳伦斯·斯佩尔曼, 克里斯蒂娜·沃尔夫","美国, 中国大陆, 英国","剧情, 动作, 战争",207030
1292065,疤面煞星,8.3,1983-12-01,https://img9.doubanio.com/view/photo/s_ratio_poster/public/p725257976.jpg,"阿尔·帕西诺, 斯蒂文·鲍尔, 米歇尔·菲佛, 玛丽·伊丽莎白·马斯特兰托尼奥, 罗伯特·劳吉亚, 菲德尔·卡斯特罗, Angela Aames, 拉娜·克拉克森, 查尔斯·德恩, 丹尼斯·弗兰茨, 格雷格·亨利, 布莱特·拉特纳, Randall Rutledge, 约翰·布兰登, Marcus Shirock, 凯文·梅杰·霍华德, Margaret Michaels, 格诺·席尔瓦, Manuel Padilla Jr., 理查德·贝尔泽, Dennis Holahan, 凯特·西亚, 查尔斯·A·坦伯罗, F·默里·亚伯拉罕, 马克·马戈利斯, Miriam Colon, 保罗·希纳尔, 哈里斯·于林, 帕皮·塞尔纳, 迈克尔·P·莫兰",美国,"犯罪, 剧情, 惊悚",90042
20438962,鸟人,8.0,2014-08-27,https://img3.doubanio.com/view/photo/s_ratio_poster/public/p2203838902.jpg,"迈克尔·基顿, 爱德华·诺顿, 艾玛·斯通, 扎克·加利凡纳基斯, 安德丽娅·赖斯伯勒, 娜奥米·沃茨, 艾米·莱安, 梅里特·韦弗, 克拉克·米德尔顿, 琳赛·邓肯, 罗伯塔·科林德雷斯, 布拉德·雅各布维茨, 乔尔·加兰, Jamahl Garrison-Lowe, 娜塔莉·戈尔德, 布莱恩·伯顿","美国, 墨西哥","剧情, 喜剧",259504
35056243,十三条命,8.5,2022-07-29,https://img3.doubanio.com/view/photo/s_ratio_poster/public/p2877798713.jpg,"维果·莫腾森, 科林·法瑞尔, 乔尔·埃哲顿, 汤姆·巴特曼, 乔什·赫尔曼, 简·拉金, 扎赫拉·纽曼, 保拉·加西亚, 刘易斯·菲茨-杰拉德, 维他亚·潘斯林加姆, 保罗·格里森, 萨哈贾克·波斯安吉特, 阿汀·约翰, 彼得·奈特, 披纳若·苏潘平佑, 凯文·斯宾克, 布莱克·麦克法兰, 苏格拉瓦·卡那诺, 提拉·丘迪库尔, 沙克里亚·塔里亚瓦特, 提拉瓦特·穆维莱, 努弗恩·布艾, 文森特·B·戈尔斯, 提拉帕·萨扎顾,  查恰瓦·卡蒙萨皮塔克, 陂帕同·颂通亚纳奇, 普洛伊·帕特拉科恩·唐苏帕昆, 凯·潘塔诺","美国, 加拿大, 英国","剧情, 传记, 惊悚",55959
24325923,我和厄尔以及将死的女孩,8.2,2015-01-25,https://img1.doubanio.com/view/photo/s_ratio_poster/public/p2252040270.jpg,"托马斯·曼, 奥利维亚·库克, RJ·赛勒, 尼克·奥弗曼, 莫莉·香侬, 乔·博恩瑟, 康妮·布里登, 凯瑟琳·休斯, 马特·本内特, 休·杰克曼, 马萨姆·霍顿, 鲍比·J·汤普森, 张乔星",美国,"剧情, 喜剧",94426
33407124,浪客剑心 最终章 追忆篇,8.6,2021-06-04,https://img1.doubanio.com/view/photo/s_ratio_poster/public/p2641373748.jpg,"佐藤健, 有村架纯, 高桥一生, 北村一辉, 江口洋介, 村上虹郎, 安藤政信, 大西信满, 池内万作, 藤本隆宏, 和田聪宏, 中村达也, 荒木飞羽, 洼田正孝, 平野生成, 堀田真由, 一之濑亘, 石田法嗣, 成田瑛基, 奥野瑛太, 渡边真起子, 武井咲, 新田真剑佑, 青木崇高, 苍井优, 伊势谷友介, 土屋太凤, 三浦涼介, 音尾琢真, 鹤见辰吾, 中原丈雄, 野中隆光, 高杉亘, 高桥努, 大西武志, 松泽匠, 渡部龙平, 菅原健, 铃之助, 増田修一朗, 中崎敏",日本,"剧情, 动作, 冒险",45624
1292338,祖与占,8.4,1962-01-23,https://img9.doubanio.com/view/photo/s_ratio_poster/public/p555160366.jpg,"让娜·莫罗, 奥斯卡·威内尔, 亨利·赛尔, 万娜·乌尔比诺, 阿妮·内尔森, 萨比娜·奥德潘, 玛丽·杜布瓦, 米歇尔·索博, 弗朗索瓦·朵列",法国,"剧情, 爱情",57555
35882880,宿敌,8.5,2022-04-28,https://img9.doubanio.com/view/photo/s_ratio_poster/public/p2874026114.jpg,"普利特维拉吉·苏库玛兰, 玛玛塔·莫汉达斯",印度,剧情,47955
26704590,一念无明,7.9,2017-04-07,https://img2.doubanio.com/view/photo/s_ratio_poster/public/p2452970761.jpg,"曾志伟, 余文乐, 方皓玟, 金燕玲, 陈学文, 麦子乐, 吴肇轩, 税瀞熙, 陈彼得, 朱跃希, 陈凤珍, 曾洁卿, 何国男",中国香港,"剧情, 家庭",108615
34467461,巴比伦,8.0,2022-12-23,https://img9.doubanio.com/view/photo/s_ratio_poster/public/p2889092995.jpg,"布拉德·皮特, 玛格特·罗比, 迭戈·卡尔瓦, 珍·斯马特, 约翰·艾德坡, 李丽君, P·J·伯恩, 卢卡斯·哈斯, 奥莉维亚·汉密尔顿, 麦克思·明格拉, 罗里·斯卡沃, 凯瑟琳·沃特斯顿, 托比·马奎尔, 弗利, 杰夫·格尔林, 埃里克·罗伯茨, 伊桑·苏普利, 萨玛拉·维文, 奥利维亚·王尔德, 菲比·汤金, 斯派克·琼斯, 詹妮弗·格兰特, 弗雷德里克·凯勒, 托德·吉贝哈恩, 克洛伊·菲内曼, 乔纳·普拉特, 肖恩·奥布赖恩, 鲍勃·克莱德宁, 马科斯·A.费拉斯, 达蒙·冈普顿, 雷恩·哈珀, 里安·里斯, 米拉加·格尔比奇, 卡莲娜·布里奇, 布莱克叶·埃南, 安娜·科托, 卡罗琳娜·辛查克, 特洛伊·梅特卡夫, 迈克·加萨威, 特里·沃尔特斯, 莎拉·凯瑟琳·贝勒米, 安娜·查泽雷, 约翰·克里, 伯克·弗洛伊德, 基思·库尔, 瑞克·萨拉比亚, 尼克·巴加, 雅科夫·科隆塔罗夫, 安德鲁·霍特里, 艾利克斯·多布兰口, 亚历山大·陈, 哈尔·戴恩, Maye Harris, 凯瑟琳·霍利斯·彼得斯, 奥黛拉·米洛斯, Saint Heart",美国,"剧情, 喜剧, 历史",117457
1293226,双重赔偿,8.5,1944-07-03,https://img1.doubanio.com/view/photo/s_ratio_poster/public/p1675680930.jpg,"弗莱德·麦克莫瑞, 芭芭拉·斯坦威克, 爱德华·罗宾逊, 波特·霍尔, 琼·希瑟, 汤姆·鲍尔斯, Byron Barr, 理查德·盖恩斯, 福图尼奥·博纳诺瓦, John Philliber, 杰姆斯亚当森, 约翰·贝里, 雷蒙德·钱德勒, 埃德蒙·科博, Kernan Cripps, Betty Farrington, 贝丝·弗劳尔斯, Eddie Hall, Teala Loring, 乔治·麦格瑞, Sam McDaniel, Billy Mitchell, 克拉伦斯·缪斯, Constance Purdy, Floyd Shackelford, Oscar Smith, 道格拉斯·斯宾塞, Florence Wix",美国,"剧情, 犯罪, 悬疑, 惊悚, 黑色电影",44095
25798448,解救吾先生,7.7,2015-09-30,https://img3.doubanio.com/view/photo/s_ratio_poster/public/p2267511583.jpg,"刘德华, 刘烨, 王千源, 吴若甫, 林雪, 赵小锐, 李梦, 蔡鹭, 陆彭, 余皑磊, 郭洺宇, 钟艺, 巩承琪, 刘然, 马思纯, 陈九涵, 刘頔, 王铮, 桑平, 那威, 金彧亮",中国大陆,"剧情, 犯罪",427721
3626416,十月围城,7.7,2009-12-18,https://img3.doubanio.com/view/photo/s_ratio_poster/public/p1697172942.jpg,"甄子丹, 王学圻, 梁家辉, 胡军, 王柏杰, 谢霆锋, 李宇春, 巴特尔, 黎明, 范冰冰, 曾志伟, 任达华, 周韵, 张涵予, 张学友, 李嘉欣, 吕中, 释彦能, 张建亚, 岑建勋, 伍允龙, 王文杰, 汪汐潮, 杜宇航, 黎烈弓, 娄淇, 刘广宁, 张优, 周彦岑, 许守钦, 韦奕波, 史飞达, 郝靓, 姚学力, 彭崯, 车剑晖, 杨光","中国香港, 中国大陆","动作, 剧情, 历史",324659
1418190,007：大战皇家赌场,7.8,2007-01-30,https://img3.doubanio.com/view/photo/s_ratio_poster/public/p790087797.jpg,"丹尼尔·克雷格, 伊娃·格林, 麦斯·米科尔森, 朱迪·丹奇, 杰弗里·怀特, 吉安卡罗·吉安尼尼, 卡特琳娜·莫里诺, 西蒙·阿布卡瑞安, 伊萨赫·德·班克尔, 加斯帕·克里斯滕森, 伊万娜·米利塞维奇, 托比亚斯·门基斯, 克劳迪奥·桑塔玛利亚, 塞巴斯蒂安·弗坎, 马尔科姆·辛克莱, 理查德·塞梅尔, 路德格·皮斯特, 约瑟夫·米尔森, 达尔文·肖, 克雷蒙斯·施伊克, 汤姆·查本, 乌尔巴诺·巴尔贝里尼, 周采芹, 拉扎尔·里斯托夫斯基, 汤姆·索, 范若施卡·冯·兰朵夫, 卡洛斯·李尔, 克里斯蒂娜·科尔, 尤尔根·塔拉施, 克里斯平 伯汉姆-卡特, 丽贝卡·格辛斯, 彼得·诺特利, 罗伯特·G·斯雷德, 费莉西特·杜·洁, 麦克拉·奥乔茨卡, 米切尔奥菲, 迈克尔·G·威尔森, 菲尔·梅赫克斯, 亚历桑德拉·安布罗休, 里贾纳·加巴约娃, 委拉斯提娜·斯瓦特库娃, 米罗斯拉夫·西蒙尼克, 伊万·格维拉, 拉斯科·阿特金斯, 理查德·布兰森, 马丁·坎贝尔, 塔拉·卡迪纳尔, 本·库克, 格伦·福斯特, 亚历山大·海瑟薇, 布拉德·雅各布维茨, 杨·罗克塔, 马克·奥尼尔, 冈瑟·冯·哈根斯, 托玛斯·博·拉森, 里奥·斯特兰斯基","英国, 捷克, 美国, 德国, 巴哈马","剧情, 动作, 惊悚, 冒险",199877
6873143,一条狗的使命,7.7,2017-03-03,https://img1.doubanio.com/view/photo/s_ratio_poster/public/p2432493858.jpg,"乔什·加德, 布丽特·罗伯森, 丹尼斯·奎德, 佩吉·利普顿, K·J·阿帕, 布莱斯·吉扎尔, 朱丽叶·赖伦斯, 卢克·柯比, 加布里埃尔·罗斯, 迈克尔·博夫舍维尔, 洛根·米勒, 柯尔比·豪威尔-巴普蒂斯特, 普奇·豪尔, 约翰·奥提兹, 妮科尔·勒普拉卡, 彼特·科拉米斯, 卡罗琳·凯芙, 简·迈克格雷格, 科维西·阿梅扬, 卡琳·博姆拜克, 娜奥米·弗伦内特, John C. MacDonald, 罗斯·道格拉斯·诺布尔",美国,"剧情, 喜剧, 家庭",386223
3338851,锅匠，裁缝，士兵，间谍,7.9,2011-09-16,https://img3.doubanio.com/view/photo/s_ratio_poster/public/p1202175107.jpg,"加里·奥德曼, 科林·费尔斯, 汤姆·哈迪, 约翰·赫特, 托比·琼斯, 马克·斯特朗, 本尼迪克特·康伯巴奇, 塞伦·希德, 大卫·丹席克, 斯维特兰娜·库德钦科娃, 劳拉·卡尔迈克尔, 斯蒂芬·格拉汉姆, 杰瑞德·哈里斯, 约翰·勒·卡雷, 康斯坦丁·哈宾斯基, 西蒙·迈克伯尼, 罗格·洛伊德-派克, 斯图尔特·格雷厄姆, 克里斯蒂安·麦凯, 凯西·伯克, 杰米·托马斯·金, 菲利普·马丁·布朗, 托马什·科瓦尔斯基, 哈维·沃尔什, 翟存元, 卡特里娜·瓦西里耶娃","英国, 法国, 德国","剧情, 悬疑, 惊悚",115149
25881247,边境杀手,7.7,2015-05-19,https://img9.doubanio.com/view/photo/s_ratio_poster/public/p2263976596.jpg,"艾米莉·布朗特, 本尼西奥·德尔·托罗, 乔什·布洛林, 维克多·加博, 乔·博恩瑟, 丹尼尔·卡卢亚, 杰弗里·多诺万, 劳尔·特鲁希洛, 胡里奥·凯撒·赛迪罗, 汉克·罗杰森, 马克斯米利亚诺·赫尔南德斯, 艾伦·D·柏温, 迪兰·科宁, 马修·佩奇, 约翰·彼得·贝尔纳多, 瑞欧·亚历山大, 亚历克斯·奈特, 马蒂·林赛, 洛拉·玛汀内斯-康宁安, 埃德加·阿雷拉, 萨拉·明妮奇","美国, 墨西哥, 中国香港","剧情, 犯罪, 惊悚",161115
27042467,摇摆狂潮,8.2,2018-12-19,https://img3.doubanio.com/view/photo/s_ratio_poster/public/p2545836537.jpg,"都敬秀, 朴惠秀, 吴正世, 金民浩, 朴真珠, 白仁权, 杰瑞德·格里姆斯, 罗斯·凯特尔, 李东勇, 姜吉宇, 金圭白, 李朗瑞, 朱海恩, 李泰英, 李圭成, 崔恩静, 吴庆华, 马修·达西, 达林·肖",韩国,"剧情, 战争, 歌舞",54692
1389915,一江春水向东流,8.6,2017-10-27,https://img1.doubanio.com/view/photo/s_ratio_poster/public/p2503175729.jpg,"白杨, 陶金, 舒绣文, 上官云珠, 吴茵, 王苹, 顾梦鹤, 周伯勋, 高正, 叶小铿, 王静安, 傅伯棠, 梁山, 易虹, 葛梅强, 田广才",中国大陆,剧情,18315
3071441,雪国列车,7.6,2014-03-17,https://img2.doubanio.com/view/photo/s_ratio_poster/public/p2173648321.jpg,"克里斯·埃文斯, 宋康昊, 艾德·哈里斯, 约翰·赫特, 蒂尔达·斯文顿, 杰米·贝尔, 奥克塔维亚·斯宾瑟, 艾文·布莱纳, 艾丽森·皮尔, 高我星, 斯蒂夫·朴, 卢克·帕斯夸尼洛, 肯尼·道提, 克拉克·米德尔顿, 弗拉德·伊凡诺夫, 阿德南·哈斯科维奇, 艾玛·列维, 托马斯·勒马尔奎斯, Igor Juric, 马坎索尼·雷斯, 吉姆·海伊, Griffin Seymour, 肖恩·康纳·伦威克, 布莱恩·科林·弗利, 肯德里克·昂, 达纳·格林, 派瑞·申, 约瑟夫·贝尔托特, 科乔·亚仕都","韩国, 捷克","剧情, 动作, 科幻",473026
2136824,成事在人,8.2,2009-12-11,https://img3.doubanio.com/view/photo/s_ratio_poster/public/p1054037032.jpg,"摩根·弗里曼, 马特·达蒙, 托尼·戈罗奇, 帕特里克·莫佛肯, 马特·斯特恩, 朱利安·刘易斯·琼斯, 阿卓艾·安多, 玛格丽特·惠特利, 蕾乐蒂·库马洛, 帕特里克·利斯特, 佩妮·唐尼, 西邦吉莱·诺吉拉, 邦妮·汉娜, 谢克斯·迈科, 路易斯·米纳尔, 罗宾·史密斯, 大卫·杜卡斯, 格兰特·斯旺比, 斯科特·伊斯特伍德, 斯特里奥·萨万特, 比约恩·施泰因巴赫, Mark Rickard, 罗伯特·霍布斯, McNeil Hendricks, 阿什利·泰勒, 纳別卡恩特普沃特, 肖恩·卡梅伦·迈克尔, 兰利·柯克伍德, 约翰尼·希科",美国,"传记, 剧情, 历史, 运动",50334
1291878,不良教育,8.3,2004-03-19,https://img9.doubanio.com/view/photo/s_ratio_poster/public/p1910921856.jpg,"盖尔·加西亚·贝纳尔, 费雷·马丁内兹, 丹尼尔·希梅内斯·卡乔, 路易斯·奥马, 弗朗西斯科·梅斯特, 弗郎西斯科·博伊拉, 胡安·费尔南德斯, 纳乔·佩雷斯, 哈维尔·卡马拉, 阿尔维托·费雷罗, 佩特拉·马丁内斯, Roberto Hoyas, 阿古斯丁·阿莫多瓦, 佩德罗·阿莫多瓦, 波尔·莫南, 萨拉·蒙铁儿, 蕾欧诺·瓦特林, 何塞·马利亚·亚兹皮克",西班牙,"剧情, 犯罪, 悬疑, 惊悚, 同性",42407
24751756,老炮儿,7.5,2015-12-24,https://img3.doubanio.com/view/photo/s_ratio_poster/public/p2276674912.jpg,"冯小刚, 许晴, 张涵予, 刘桦, 李易峰, 梁静, 白举纲, 于和伟, 连奕名, 尚语贤, 鲁诺, 管宗祥, 尹力, 余皑磊, 宁浩, 江珊, 张译, 郭京飞, 张鲁一, 赵毅, 梁天, 张一山, 王俊凯, 王源, 易烊千玺, 巴图, 陶泽如, 吴谨言, 马元, 马书良, 佟磊, 胡晓光, 姜怡伊, 肖彦博, 王盛, 刘云龙, 杜珺, 庞国昌",中国大陆,"剧情, 犯罪",790373
1292403,猎鹿人,8.3,1978-12-08,https://img1.doubanio.com/view/photo/s_ratio_poster/public/p1322206300.jpg,"罗伯特·德尼罗, 约翰·凯泽尔, 约翰·萨维奇, 克里斯托弗·沃肯, 梅丽尔·斯特里普, 乔治·杜兹达扎, 查克·阿斯佩格伦, 雪莉·斯托勒, 拉特安亚·阿尔达, 玛迪·卡普兰, 艾米·莱特, 理查德·库斯, 乔·格里法西, Victoria Karnafel, 詹姆斯·卡尔, Michael Santiago",美国,"剧情, 战争",40650
1433701,上甘岭,8.4,1956-12-01,https://img9.doubanio.com/view/photo/s_ratio_poster/public/p2537259656.jpg,"高保成, 徐林格, 张亮, 刘玉茹, 刘磊, 李树楷, 田烈, 张凤翔, 白英宽, 张健佑, 张巨光, 王枫, 王春英, 周森冠",中国大陆,"战争, 剧情",19613
1412579,亲切的金子,7.6,2005-07-29,https://img3.doubanio.com/view/photo/s_ratio_poster/public/p2561799537.jpg,"李英爱, 崔岷植, 金时厚, 南一祐, 金秉玉, 吴达洙, 李胜欣, 金富善, 罗美兰, 托尼·巴里, 高素熙, 李代延, 朴明申, 吴光禄, 宋康昊, 申河均, 刘智泰, 姜惠贞, 尹珍序, 柳昇完, 崔政宇, 车顺裴, 元美媛, 韩载德",韩国,"剧情, 犯罪, 惊悚",186260
30346025,电话,7.6,2020-11-27,https://img1.doubanio.com/view/photo/s_ratio_poster/public/p2625879789.jpg,"朴信惠, 全钟瑞, 金成铃, 李艾, 李东辉, 朴浩山, 吴正世, 严彩英, 金敏荷",韩国,"剧情, 惊悚",165281
35422807,扬名立万,7.4,2021-11-11,https://img1.doubanio.com/view/photo/s_ratio_poster/public/p2881817779.jpg,"尹正, 邓家佳, 喻恩泰, 杨皓宇, 陈明昊, 秦霄贤, 张本煜, 柯达, 邓恩熙, 余皑磊, 白客, 赵文瑄, 小爱, 周奇, 熊黎, 吴谨西, 吕云骢, 于白水",中国大陆,"剧情, 喜剧, 悬疑",801626
2997052,吾栖之肤,7.6,2011-08-17,https://img1.doubanio.com/view/photo/s_ratio_poster/public/p1221998208.jpg,"安东尼奥·班德拉斯, 埃伦娜·安纳亚, 玛丽萨·帕雷德斯, 扬·科奈特, 布兰卡·苏亚雷斯, 罗伯托·阿拉莫, 费尔南多·卡约, 爱德华·费尔南德斯, 何塞·路易斯·戈麦斯, 苏西·桑切斯, 巴巴拉·莱涅, 安娜·梅纳, Buika, 阿古斯丁·阿莫多瓦, 米格尔·阿尔莫多瓦, 查马·鲁伊斯, 费尔南多·伊格莱西亚斯","西班牙, 美国","剧情, 悬疑, 惊悚",139526
1308685,烟花,8.3,1995-08-12,https://img3.doubanio.com/view/photo/s_ratio_poster/public/p2505448947.jpg,"山崎裕太, 奥菜惠, 反田孝幸, 兰迪·黑文斯, 小桥贤儿, 樱木研仁, 麻木久仁子, 光石研, 小山励基, 山崎一, 深浦加奈子, 田口智朗, 石井苗子, 酒井敏也, 蛭子能收, 中岛阳子",日本,"剧情, 儿童",34595
19976058,念书的孩子,8.6,2012-06-15,https://img2.doubanio.com/view/photo/s_ratio_poster/public/p2461375551.jpg,"江化霖, 李佳奇, 徐巾淇",中国大陆,"剧情, 儿童",14318
1793904,决战犹马镇,8.0,2007-09-07,https://img3.doubanio.com/view/photo/s_ratio_poster/public/p443323143.jpg,"罗素·克劳, 克里斯蒂安·贝尔, 罗根·勒曼, 达拉斯·罗伯特斯, 本·福斯特, 彼得·方达, 凡妮莎·肖, 艾伦·图代克, 卢斯·雷恩斯, 格瑞辰·摩尔, 约翰尼·威特沃斯, Jason Rodriguez, 阿荣·希弗, 凯文·杜兰, Darren Gibson, Brian Brown, 本杰明·佩特里, J·内森·西蒙斯, 比利·洛克伍德, 詹姆斯·布莱克本, 格拉德·斯万, 卢克·威尔逊, Barbara Bartleson",美国,"动作, 犯罪, 剧情, 西部",47386
2136204,陆小凤传奇之陆小凤前传,8.0,2007-01-03,https://img2.doubanio.com/view/photo/s_ratio_poster/public/p2414132191.jpg,"张智霖, 张智尧, 杨丽菁, 张磊, 王正权, 黄平环, 林涵, 唐启荣",中国大陆,"剧情, 动作, 爱情, 悬疑, 武侠, 古装",25689
4133814,线人,7.4,2010-08-24,https://img9.doubanio.com/view/photo/s_ratio_poster/public/p586242594.jpg,"谢霆锋, 张家辉, 桂纶镁, 陆毅, 苗圃, 廖启智, 钟舒漫, 吴浩康, 郭政鸿, 梁小冰, 黄浩坤, 黎志伟, 张赞生, 戚务振, 黄锐生, 李剑荣, 姜皓文, 周志强, 詹小玲, 张立峰, 陈莎, 李成昌, 尹扬明, 颜子菲, 黄伟辉, 金刚, 严嘉仪, 何华超, 李叶健","中国香港, 中国大陆","动作, 剧情, 惊悚",150205
1293596,离开拉斯维加斯,8.1,1995-10-27,https://img9.doubanio.com/view/photo/s_ratio_poster/public/p860190615.jpg,"尼古拉斯·凯奇, 伊丽莎白·苏, 朱利安·山德斯, 理查德·刘易斯, 斯蒂文·韦伯, Kim Adams, 艾米丽·普格特, Stuart Regen, 瓦莱丽亚·戈利诺, 格拉汉姆·贝克尔, 艾伯特·亨德森, Shashi Bhatia, 凯莉·洛维, Anne Lange, 托马斯·科帕切, 文森特·沃德, 卢辛达·珍妮, 弗伦奇·斯图尔特, 埃德·劳特尔, Waldemar Kalinowski, 朱利安·列侬, 迈克尔·A.戈尔杰, 玛莉丝卡·哈吉塔, 马克·科波拉, 鲍勃·拉菲尔森, 劳里·梅特卡夫, 大卫·布里斯宾, 杰瑞米·乔丹, 山德·贝克利, 戈登·迈克尔斯, Camille King, 肖妮·史密斯, 李·厄米, 保罗·奎恩, Davidlee Willson, 丹尼·赫斯顿, 迈克·菲吉斯",美国,"剧情, 爱情",38034
1850963,花魁,8.1,2007-02-24,https://img1.doubanio.com/view/photo/s_ratio_poster/public/p656858958.jpg,"土屋安娜, 木村佳乃, 安藤政信, 椎名桔平, 永濑正敏, 远藤宪一, 成宫宽贵, 菅野美穗, 石桥莲司, 萨布, 月船沙罗罗, 涩川清彦, 山口爱, 长塚圭史, 清水伸, 斋藤飞鸟, 古厩智之, 松下惠, 照屋年之, 影山英俊, 小泉今日子, 星野晶子, 津田宽治, 山口爱, 水野智则, 翁华荣, 庵野秀明, 忌野清志郎, 大森南朋, 小栗旬, 村松利史, 美波, 夏木真理, 丸山智己, 吉川爱, 近野成美, 蜷川美穗, 中村友理, 仓内沙莉, 山本浩司, 小池彩梦",日本,"剧情, 历史",90877
1304942,两小无猜,8.5,1971-04-21,https://img3.doubanio.com/view/photo/s_ratio_poster/public/p1132971627.jpg,"马克·莱斯特, 特雷西·海德, 杰克·瓦尔德, 罗伊·金尼尔, Kay Skinner, Sheila Steafel, 蒂姆·怀尔顿, 特蕾西·里德, Ken Jones, 阿什利·奈特, John Gorman, 詹姆斯·科辛斯, 希尔达·巴里, 基思·巴伦, Robin Hunter, Leonard Brockwell",英国,"剧情, 爱情",44253
26357945,恐袭波士顿,8.0,2017-11-17,https://img1.doubanio.com/view/photo/s_ratio_poster/public/p2502466029.jpg,"马克·沃尔伯格, 凯文·贝肯, 约翰·古德曼, 米歇尔·莫纳汉, J·K·西蒙斯, 梅莉莎·班诺伊, 亚历克斯·沃尔夫, 欧阳万成, 瑞秋·布罗斯纳安, 埃里卡·麦克德莫特, 克里斯朵夫·奥谢, 文森特·库拉托拉, 詹姆斯·科尔比, 迪牟诺罗凯茨, 阿德里安·M·蒙波因特, 巴拉克·奥巴马, 拉里·尤登, 伊利亚·郭, 玛塞拉·贾拉米洛, 拉娜·康多, 凯文·德科斯泰",美国,"剧情, 历史, 惊悚",106909
1292067,冰血暴,8.0,1996-03-08,https://img1.doubanio.com/view/photo/s_ratio_poster/public/p2178583078.jpg,"威廉姆·H·梅西, 史蒂夫·布西密, 彼得·斯特曼, 弗兰西斯·麦克多蒙德, 哈威·普雷斯内尔, 梅莉莎·彼得曼, 史蒂夫·里维斯, 拉里·布兰登伯格, 约翰·卡洛·林奇, 斯蒂夫·朴, José Feliciano, 克里斯汀·鲁德鲁德, 托尼·登曼","美国, 英国","犯罪, 剧情, 惊悚",101299
1291847,十七岁的单车,7.8,2001-02-17,https://img2.doubanio.com/view/photo/s_ratio_poster/public/p1457108531.jpg,"崔林, 李滨, 周迅, 高圆圆, 李梦男, 赵毅维, 李爽, 汪妍, 张蕾, 常佳茵, 庞燕, 周芳菲, 谢荐, 马玉红, 李坚, 张扬, 王育忠, 惠维, 纪华, 张宇, 任厚刚, 李爽","中国大陆, 中国台湾, 法国",剧情,115879
1296769,巴尔扎克与小裁缝,8.0,2002-10-09,https://img1.doubanio.com/view/photo/s_ratio_poster/public/p1119158729.jpg,"周迅, 刘烨, 陈坤, 王双宝, 丛志军, 王宏伟, 肖雄, 陈炜","中国大陆, 法国","传记, 剧情, 爱情",51595
26389148,赴汤蹈火,8.1,2016-05-16,https://img9.doubanio.com/view/photo/s_ratio_poster/public/p2351955874.jpg,"克里斯·派恩, 本·福斯特, 杰夫·布里吉斯, 凯蒂·米克松, 凯文·兰金, 戴尔·迪奇, 吉尔·伯明翰, 马琳·爱尔兰, 梅勒妮·帕帕拉, 迪兰·科宁, 巴克·泰勒, 安伯·明迪桑德, 海蒂·索兹蒙, 约翰-保罗·霍华德, 梅丽萨洛艾莉丝, 泰勒·谢里丹, 洛拉·玛汀内斯-康宁安, 杰克莫·巴泽尔, 特里·戴尔·帕克斯",美国,"剧情, 犯罪, 西部",70382
1499148,蓝莓之夜,7.7,2007-12-22,https://img9.doubanio.com/view/photo/s_ratio_poster/public/p2237042966.jpg,"裘德·洛, 诺拉·琼斯, 查得·R·戴维斯, 卡佳·布铭邦, 蕾切尔·薇兹, 娜塔莉·波特曼, 猫女魔力, 弗兰基·费森, 大卫·斯特雷泽恩, 安德莱内·列诺斯, 本杰明·凯恩, 迈克尔·德拉诺, 扬·福尔克, 蒂·艾萨基尔多, 劳里·约翰逊, 杰姬·摩尔, Kenon Walker, Alexandria Lee","美国, 法国, 中国大陆, 中国香港","剧情, 爱情",165829
2976111,狗狗与我的十个约定,8.1,2009-01-26,https://img1.doubanio.com/view/photo/s_ratio_poster/public/p1093145688.jpg,"田中丽奈, 加濑亮, 福田麻由子, 丰川悦司, 高岛礼子, 大泽茜, 泷正则, 藤井美菜, 矢岛健一, 池胁千鹤, 布施明, 岸部一德, 笹野高史, 草野康太",日本,"剧情, 喜剧, 爱情",66092
35372415,套装,7.9,2022-02-14,https://img1.doubanio.com/view/photo/s_ratio_poster/public/p2868098898.jpg,"马克·里朗斯, 西蒙·拉塞尔·比尔, 强尼·弗林, 妮基·阿姆卡-伯德, 佐伊·达奇, 阿伦·梅迪扎德, 迪伦·奥布莱恩, 乔纳森·麦克莱恩, John Gumley-Mason, Stephen Knox, Steve Chatfield, Michal Forejtek, Lauris Karklins, William Keetch, Scoop Wasserstein, Ryan Hall, Chiedu Agborh, Michael Addo",美国,"剧情, 犯罪, 惊悚",99787
30257787,一秒钟,7.6,2020-11-27,https://img9.doubanio.com/view/photo/s_ratio_poster/public/p2624442174.jpg,"张译, 刘浩存, 范伟, 余皑磊, 张邵勃, 李延, 于洋, 刘云龙, 常海军, 曹瑞, 唐孜悦, 李晓川, 于滨, 陈永胜, 燕磊",中国大陆,剧情,282956
25815008,依然爱丽丝,8.0,2014-09-08,https://img3.doubanio.com/view/photo/s_ratio_poster/public/p2208286457.jpg,"朱丽安·摩尔, 凯特·波茨沃斯, 肖恩·麦克雷, 亨特·帕瑞施, 亚历克·鲍德温, 塞斯·吉列姆, 克里斯汀·斯图尔特, 艾琳·达克, 丹尼尔·格罗尔, 奇拉格洛里, 奥拉·卡西迪","美国, 法国",剧情,72199
26677495,帕特森,8.1,2016-05-16,https://img1.doubanio.com/view/photo/s_ratio_poster/public/p2385215679.jpg,"亚当·德赖弗, 格什菲·法拉哈尼, 内利, 里兹万·曼吉, 巴里·沙巴卡·亨利, 特雷弗·帕勒姆, 特洛伊·T·帕勒姆, 布莱恩·麦卡锡, 弗兰克·哈茨, 小路易斯·达·席尔瓦, 琪森·哈蒙, 威廉·杰克森·哈珀, 马索·曼恩, 卡拉·海沃德, 杰瑞德·吉尔曼, 斯特林·杰里斯, 欧文·艾斯特罗斯, 永濑正敏, 杰登·迈克尔","美国, 法国, 德国",剧情,56929
1296992,洛丽塔,7.8,1962-06-13,https://img1.doubanio.com/view/photo/s_ratio_poster/public/p2564348169.jpg,"詹姆斯·梅森, 谢利·温特斯, 苏·莱恩, 加里·科克雷尔, 杰里·斯托文, 黛安娜·戴克, 露易丝·麦斯威尔, 塞克·林德, 比尔·格林, 雪莉·道格拉斯, 玛丽安·斯通, 詹姆斯·戴伦福思, 科林·梅特兰, 特里·基尔伯恩, C·丹尼尔·沃伦, 彼得·塞勒斯, 艾德·毕肖普, 彼得·库欣, 苏珊·吉布斯, 斯坦利·库布里克, 克里斯托弗·李, 伊莎贝·卢卡, 罗伯塔·肖尔, 罗纳德·皮卡普, 哈莉·赫里什","美国, 英国","剧情, 爱情, 情色",107863
1461964,小兵张嘎,7.9,1963,https://img1.doubanio.com/view/photo/s_ratio_poster/public/p2551228339.jpg,"安吉斯, 张莹, 葛存壮, 吴克勤, 王澍, 黄素影, 安然, 袁其励, 张平, 于绍康, 陈志坚, 管宗祥, 封顺, 李健, 李孟尧, 程汉焜, 王炳彧, 于中义, 周森冠, 程学钦, 侯冠群, 李小燕",中国大陆,"剧情, 儿童, 战争",44034
1300752,座头市,8.1,2003-09-06,https://img9.doubanio.com/view/photo/s_ratio_poster/public/p764956816.jpg,"北野武, 浅野忠信, 大楠道代, 井口薰仁, 橘大五郎, 大家由祐子, 夏川结衣, 岸部一德, 石仓三郎, 柄本明, 樋浦勉, 芦川诚, 森下能幸, 六平直政, 小林太树, 早乙女太一, 津田宽治, 宫松, 田中要次, 吴宗洋, 奥本东五, 吉田绚乃, 林田麻里, 清水伸, 星野晃",日本,"动作, 喜剧, 犯罪, 剧情, 音乐",52089
1303521,特写,8.9,1990-02-01,https://img9.doubanio.com/view/photo/s_ratio_poster/public/p2350715785.jpg,"莫森·玛克玛尔巴夫, 阿巴斯·基亚罗斯塔米",伊朗,"犯罪, 剧情",22863
27198855,印度合伙人,7.7,2018-12-14,https://img1.doubanio.com/view/photo/s_ratio_poster/public/p2540940050.jpg,"阿克谢·库玛尔, 拉迪卡·艾普特, 索娜姆·卡普尔, 乔蒂·苏巴, 森尔·辛, 阿米达普·巴强, 雷·拉维",印度,"剧情, 喜剧, 传记",113156
2275370,战略特勤组,7.9,2011-07-10,https://img3.doubanio.com/view/photo/s_ratio_poster/public/p498359093.jpg,"麦克·辛, 塞缪尔·杰克逊, 凯瑞-安·莫斯, 布兰登·罗斯, 斯蒂芬·鲁特, 吉尔·贝罗斯, 马丁·唐文, 比尔·A·琼斯, 妮卡尔·扎德甘, 达约·阿德, Jillian Bruno, 萨沙·罗伊茨, 克里斯·麦加瑞, 约书亚·哈尔托, 杰夫·米德, 奥斯汀·尼可斯, 维森特·拉雷斯卡, 本尼托·马丁内斯, 霍尔姆斯·奥斯本, 克里克·B·R·沃勒尔, 雅各布·萨尔瓦提",美国,"剧情, 悬疑, 惊悚",64483
1303364,资产阶级的审慎魅力,8.2,1972-09-15,https://img9.doubanio.com/view/photo/s_ratio_poster/public/p1712426795.jpg,"费尔南多·雷伊, 保罗·弗朗克尔, 德菲因·塞里格, 布鲁·欧吉尔, 斯特凡·奥德朗, 让-皮埃尔·卡塞尔, 朱利安·贝尔托, 米莱娜·伍柯迪克, 玛丽亚·加布里埃拉·玛雅, 克洛德·皮埃普吕, 穆尼, 皮埃尔·马格隆, 弗朗索瓦·麦斯特, 米歇尔·皮科利, 乔治·杜坎, 克洛德·耶热, 皮埃尔·拉里, 罗贝尔·勒贝亚尔, 阿里克斯·马赫, 贝尔纳·米松, 罗伯特·帕蒂, 雅克·里斯帕尔, 罗歇·卡恰, Maxence Mailfort, Amparo Soler Leal, Madeleine Bouchez","法国, 意大利, 西班牙","喜剧, 剧情, 奇幻",39890
1484091,水果硬糖,7.5,2006-04-28,https://img1.doubanio.com/view/photo/s_ratio_poster/public/p2168294290.jpg,"艾利奥特·佩吉, 帕特里克·威尔森, 吴珊卓, 欧德莎·雷, G·J·艾希顿坎普",美国,"剧情, 犯罪, 惊悚",224522
20515070,军中乐园,7.5,2014-09-05,https://img2.doubanio.com/view/photo/s_ratio_poster/public/p2244406291.jpg,"阮经天, 万茜, 陈意涵, 陈建斌, 王柏杰, 苗可丽, 陈大天, 洪都拉斯, 吴志庆, 廖启智, 石知田, 陈以文, 黄健玮, 脱一然, 陈仲熙, 谢俊慧, 饶星星, 李迪恩, 雷婕熙, 林子熙, 施名帅, 王淮仲, 梁以辰, 叶良财, 王博玄, 张哲豪, 王锐, 项洪, 尚国伟, 程相银, 萧子墨, 余月如, 王千航","中国台湾, 中国大陆","剧情, 历史, 爱情",111253
34863472,美好的世界,8.3,2020-09-10,https://img1.doubanio.com/view/photo/s_ratio_poster/public/p2626901169.jpg,"役所广司, 仲野太贺, 长泽雅美, 桥爪功, 梶芽衣子, 六角精儿, 北村有起哉, 白龙, 木村绿子, 安田成美, 奥野瑛太, 康巢恩, 槙田雄司, 松泽匠, 田村健太郎, 松冈依都美, 松浦祐也, 高桥周平, 松浦慎一郎, 白鸟玉季, 松角洋平, 三浦透子, 山田真步, 樱木梨奈, 諫早幸作, 井上肇, 内村遥",日本,"剧情, 犯罪",33179
4843637,最爱,7.4,2011-05-10,https://img1.doubanio.com/view/photo/s_ratio_poster/public/p907440218.jpg,"章子怡, 郭富城, 濮存昕, 蒋雯丽, 蔡国庆, 王宝强, 李丹阳, 陶泽如, 孙海英, 李建华, 胡泽涛, 姜文, 陆川, 冯小刚, 张伸, 刘琳, 郭永章, 伊力奇","中国大陆, 中国香港","剧情, 爱情",180106
2464346,白丝带,8.2,2009-09-17,https://img1.doubanio.com/view/photo/s_ratio_poster/public/p2196608840.jpg,"克里斯蒂安·富里道尔, 恩斯特·雅各比, 莉奥妮·贝尼希, 乌尔里希·图库尔, 尤拉西纳·拉尔迪, 费昂·穆特尔特, 迈克尔·克兰茨, 布尔格哈特·克劳斯纳, 斯特菲·库内特, 玛丽亚·德拉格斯, 莱纳德·朴罗夏夫, 勒文·亨宁, 乔安娜·布塞, 尤马·阿梅克, 蒂伯特·塞瑞尔, 约瑟夫·贝尔比奇, 加布里拉·玛利亚·施迈德, 雅尼娜·福茨, 恩诺·特雷布斯, 西奥·特里布斯, 赖纳·博克, 苏珊娜·洛塔尔, 罗珊妮·杜兰, 米利安·查特连, 布兰科·萨马罗夫斯基, 比吉特·米尼希迈尔, 塞巴斯蒂安·胡克, 凯-皮特·马立纳, 德特勒夫·布克, 玛丽莎·格罗瓦尔德, 文森特·克鲁格, 塞巴斯蒂安·拉奇, 马辛·泰罗尔, 塞巴斯蒂安·波拉克","德国, 奥地利, 法国, 意大利","剧情, 悬疑",35438
1296757,随心所欲,8.5,1962-08-28,https://img3.doubanio.com/view/photo/s_ratio_poster/public/p2199277617.jpg,"安娜·卡里娜, 萨德·里波特, 安德烈·S·拉巴尔特, 吉莱娜·施伦贝格尔, Gérard Hoffman, 莫妮克·美辛, 保罗·帕维尔, 彼德·卡索维茨, Brice Parain, 亨利·埃托, Gilles Quéant, 阿尔弗雷德·亚当, Jean Ferrat, Jean-Paul Savignac, 拉斯洛·绍博, 让-吕克·戈达尔",法国,剧情,26217
1299481,查令十字街84号,8.6,1987-02-13,https://img3.doubanio.com/view/photo/s_ratio_poster/public/p1188142682.jpg,"安妮·班克罗夫特, 安东尼·霍普金斯, 朱迪·丹奇, 吉恩·代·巴尔, 莫瑞斯·德纳姆, 埃莉诺·戴维, 梅塞迪丝·鲁尔, 丹尼尔·格罗尔, 温迪·摩根, 伊恩·麦克尼奇, 吉恩·史密斯-卡梅隆, 汤姆·伊斯贝尔, 安妮·戴森, 康妮·布斯, 罗恩·卡罗尔, 格温·尼尔森, Bernie Passeltiner, Jill Powell, 山姆·斯通伯纳, Nelson Aspen, Michael John McGann, 詹姆斯·埃克豪斯, 托尼·托德, John Bardon, David Davenport, Marty Glickman, 鲁珀特·霍利迪-埃文斯","英国, 美国","传记, 剧情, 爱情",23701
3346464,给朱丽叶的信,7.6,2010-05-14,https://img2.doubanio.com/view/photo/s_ratio_poster/public/p546362391.jpg,"阿曼达·塞弗里德, 盖尔·加西亚·贝纳尔, 克里斯托弗·艾甘, 瓦妮莎·雷德格雷夫, 马西娅·德波尼斯, 弗兰科·内罗, 阿什莉·利蕾",美国,"剧情, 喜剧, 爱情",87524
26061679,触不可及(美版),7.5,2019-11-22,https://img3.doubanio.com/view/photo/s_ratio_poster/public/p2575135153.jpg,"凯文·哈特, 布莱恩·克兰斯顿, 妮可·基德曼, 阿雅·娜奥米·金, 贾西·迪阿洛·温斯顿, 吉纳维芙·安吉森, 格什菲·法拉哈尼, 泰特·多诺万, 朱丽安娜· 玛格丽丝, 克里斯蒂娜·张, 皮亚·梅切勒, 罗伯特·比齐克, 大卫·尼尔里姆, 迈克尔·J·莱昂斯, 桃乐丝·麦卡锡, 苏珊·萨瓦, 布莱恩·加拉格尔, 泰隆·米切尔·亨德森, 英德拉·A·托马斯, 简·摩尔, 莱曼·陈, 柯克·凯利, 希瑟·卡普阿诺",美国,"剧情, 喜剧",110642
1296463,色情男女,7.6,1996-11-28,https://img1.doubanio.com/view/photo/s_ratio_poster/public/p2288445630.jpg,"张国荣, 莫文蔚, 舒淇, 罗家英, 徐锦江, 秦沛, 刘青云, 丁子峻, 黄秋生, 黄岳泰, 谢志华, 木星, 钟碧霞, 陈德森, 张旭燊, 文兰, 谷德昭, 李子衡, 敖志君, 元彬, 王日平",中国香港,"剧情, 喜剧, 情色",43841
3804470,分手说爱你,7.4,2010-06-16,https://img3.doubanio.com/view/photo/s_ratio_poster/public/p633976563.jpg,"房祖名, 薛凯琪, 邓健泓, 冼色丽, 金刚, 叶山豪",中国香港,"喜剧, 剧情, 爱情",79275
4873490,失恋33天,7.2,2011-11-08,https://img9.doubanio.com/view/photo/s_ratio_poster/public/p1252876266.jpg,"白百何, 文章, 张嘉益, 王耀庆, 张子萱, 郭京飞, 曹翠芬, 魏宗万, 海清, 廖凡, 徐梵溪, 李念, 焦俊艳, 艾如, 叶一云, 赵汉唐, 姚笛, 李晨, 马伊琍, 陈羽凡, 张歆艺, 张默, 刘天佐, 李晓峰, 乔大韦, 朱辉, 任巡, 王梓",中国大陆,"剧情, 爱情",595727
35613853,长津湖之水门桥,7.2,2022-02-01,https://img2.doubanio.com/view/photo/s_ratio_poster/public/p2846021991.jpg,"吴京, 易烊千玺, 朱亚文, 李晨, 韩东君, 张涵予, 耿乐, 杜淳, 段奕宏, 胡军, 王丽坤, 杨一威, 李卓扬, 何跃飞, 唐志强, 刘治威, 庄小龙, 辛玉波, 张跃, 许明虎, 王宁, 王振威, 陈泽轩, 李小锋, 詹姆斯·菲尔伯德, 约翰·克鲁兹, 史磊, 胡学良, 贺广治 , 黄晓航, 曹敖日格勒, 章小磊, 宋玉臣, 张志坤, 黎艾蒙, 爱琳, 马蒂亚斯·洛里里, 基里洛·舒尔加, 本·奥伦斯坦, 路迪, 罗瓦伊夫·巴巴尔, 德米特里·安东诺夫, 王全彬","中国大陆, 中国香港","剧情, 历史, 战争",376855
4889554,暮光之城4：破晓(下),7.3,2012-11-16,https://img9.doubanio.com/view/photo/s_ratio_poster/public/p1725916674.jpg,"克里斯汀·斯图尔特, 罗伯特·帕丁森, 泰勒·洛特纳, 彼得·费辛利, 伊莉莎白·里瑟, 阿什丽·格林尼, 杰克逊·拉斯波恩, 凯南·鲁兹, 妮基·瑞德, 比利·伯克, 查斯科·斯宾塞, 麦肯吉·弗依, 玛姬·格蕾斯, 杰米·坎贝尔·鲍尔, 克里斯托弗·海尔达尔, 麦克·辛, 拉蒂夫·克劳德, 丹尼尔·库德摩尔, 查理·比尤利, 达科塔·范宁, 卡梅隆·布莱特, 安德莉亚·鲍威尔, 玛安娜·本灵, Casey LaBow, 米娅·麦斯特罗, 克里斯蒂安·卡玛戈, 奥玛尔·梅特瓦利, 安德里亚·加布里埃尔, 安吉拉·萨拉弗安, 拉米·马雷克, 朱迪斯·沙克妮, 约翰·爱德华·李, 李·佩斯, 比尔·坦拉蒂, 托尼·特拉克斯, Erik Odom, 瓦莱瑞·卡瑞, 乔·安德森, 古里·温伯格, 诺尔·费舍, Amadou Ly, 维德尔·皮尔斯, 茱莉亚·琼斯, 波波·斯图尔特, J·D·普拉多, 克里斯蒂·柏克, 吉尔·伯明翰, 全知泰, 莎拉·克拉克, 祖蒂·弗兰, 艾迪·盖瑟吉, 凯姆·吉甘戴, 凯欧瓦·高登, 格雷厄姆·格林, 泰森·豪斯曼, 布莱丝·达拉斯·霍华德, 安娜·肯德里克, 婷塞尔·柯瑞, 蕾切尔·勒费夫尔, 亚历克斯·梅拉兹, 布朗森·佩尔提埃, 泽维尔·塞缪尔, 克里斯蒂·瑟拉图斯, 迈克·韦尔奇, 保罗·贝克, 泰勒·福雷斯特, 约书亚·古铁雷斯",美国,"剧情, 爱情, 惊悚, 奇幻, 冒险",191570
1366853,旺角黑夜,7.4,2004-05-20,https://img9.doubanio.com/view/photo/s_ratio_poster/public/p1052419765.jpg,"张柏芝, 吴彦祖, 方中信, 钱嘉乐, 梁俊一, 王合喜, 林雪, 李灿森, 萧洪, 曾健勇, 黄燕强, 蔡国强, 陈庆航, 陈世腾, 孙力民, 詹华亮, 黄浩坤, 周美成, 许明辉, 陈少华, 余铭衍, 戚务振, 黎志伟, 陆文卫, 王文成, 陈法蓉, 鲍起静, 方平, 查传谊, 陈望华, 刘锡贤, 惠天赐, 郭力行, 车保罗, 何彦桦, 丁家强",中国香港,"动作, 剧情, 犯罪, 爱情",61836
7152895,听说桐岛要退部,7.9,2012-08-11,https://img9.doubanio.com/view/photo/s_ratio_poster/public/p1591938486.jpg,"神木隆之介, 桥本爱, 大后寿寿花, 东出昌大, 清水久留巳, 铃木伸之, 落合扶树, 仲野太贺, 山本美月, 松冈茉优, 浅香航大, 前野朋哉, 岩井秀人, 栗原吾郎, 藤井武美, 奥村知史, 满岛光",日本,剧情,38714
27066152,悲情三角,7.5,2022-05-21,https://img9.doubanio.com/view/photo/s_ratio_poster/public/p2880467086.jpg,"哈里斯·迪金森, 查尔比·迪恩·科里克, 伍迪·哈里森, 扎特科·巴瑞克, 汉娜·奥尔登堡, 多莉·德莱昂, 卡罗琳娜·金宁, 松妮·梅勒斯, 奥利弗·福德·戴维斯, 薇琪·柏林, 伊赫斯·贝尔本, 阿文·卡纳尼安, 阿曼达·沃克, 亨里克·多尔辛, 让-克里斯托夫·弗里, 弗雷德里克·维金森, 斯蒂凡·戈迪克, 米娅·本森, 拉尔夫·希查, 马尔特·戈丁格","瑞典, 法国, 英国, 德国, 土耳其, 希腊, 美国, 丹麦, 瑞士, 墨西哥","剧情, 喜剧",75343
26985127,一出好戏,7.1,2018-08-10,https://img3.doubanio.com/view/photo/s_ratio_poster/public/p2529571873.jpg,"黄渤, 舒淇, 王宝强, 张艺兴, 于和伟, 王迅, 李勤勤, 李又麟, 宁浩, 管虎, 梁静, 徐峥, 陈德森, 张磊, 杨凯迪, 魏嘉镁, 袁子芸, 刘彦卿, 房晓航, 王俏, 李栋, 孙仲秋, 冯朔",中国大陆,"剧情, 喜剧",915817
3217165,城中大盗,7.5,2010-09-08,https://img2.doubanio.com/view/photo/s_ratio_poster/public/p588491081.jpg,"本·阿弗莱克, 丽贝卡·豪尔, 乔恩·哈姆, 杰瑞米·雷纳, 布蕾克·莱弗利, 提图斯·维里沃, 皮特·波斯尔思韦特, 克里斯·库珀, 布莱恩·斯坎内尔, 乔治·卡罗尔, 特德·阿尔奇迪",美国,"犯罪, 剧情, 惊悚",70189
1303562,死囚越狱,8.5,1956-11-11,https://img9.doubanio.com/view/photo/s_ratio_poster/public/p1714790575.jpg,"弗朗索瓦·莱特瑞尔, 查尔斯·勒克莱恩, 莫里斯·贝尔布洛克, 罗兰·英纳德, 雅克·埃尔托, 罗杰·普朗肯",法国,"剧情, 战争, 惊悚",20813
1461985,闪闪的红星,7.6,1974-10-01,https://img2.doubanio.com/view/photo/s_ratio_poster/public/p1789642491.jpg,"祝新运, 刘江, 刘继忠, 高保成, 薄贯君, 李雪红, 赵汝平, 张桂兰, 张帆, 朱毅之",中国大陆,"剧情, 儿童, 战争",29721
1292352,几近成名,8.0,2000-09-13,https://img1.doubanio.com/view/photo/s_ratio_poster/public/p2453284980.jpg,"比利·克鲁德普, 弗兰西斯·麦克多蒙德, 凯特·哈德森, 杰森·李, 派屈克·福吉特, 佐伊·丹斯切尔, 迈克尔·安格拉诺, 安娜·帕奎因, 费尔鲁扎·鲍克, 诺亚·泰勒, 马克·科兹莱克, 菲利普·塞默·霍夫曼, 利兹·斯托贝尔, 吉米·法伦, 碧悠·菲利浦斯, J·J·科恩, 马克·佩灵顿, Erin Foley, 艾恩·贝利, 宝蕾·佩雷特, 扎克·沃德, 约翰·帕特里克·阿梅多利, 威廉·麦鲍瑟, 雷恩·威尔森, Eric Rosenberg, 查尔斯·沃克, 艾瑞克·斯通斯崔特, 特瑞·陈, 杰伊·巴鲁切尔, 凯文·苏斯曼, 马克·马龙",美国,"剧情, 音乐",30634
27176742,驭风男孩,8.2,2019-01-25,https://img1.doubanio.com/view/photo/s_ratio_poster/public/p2546575258.jpg,"切瓦特·埃加福, 麦斯威尔·辛巴, 莉莉·班达, 爱伊莎·玛依卡, 诺玛·杜梅温尼, 约瑟夫·马塞尔","英国, 马拉维",剧情,25101
1303883,包氏父子,8.6,1983,https://img1.doubanio.com/view/photo/s_ratio_poster/public/p2503735080.jpg,"管宗祥, 刘昌伟, 宝珣, 蔡国庆, 葛存壮, 龚莹, 黄素影, 王云霞, 刘钊, 周森冠, 段炼",中国大陆,剧情,10254
1315570,在世界中心呼唤爱,7.6,2004-05-08,https://img1.doubanio.com/view/photo/s_ratio_poster/public/p1308221260.jpg,"大泽隆夫, 柴崎幸, 长泽雅美, 森山未来, 山崎努, 宫藤官九郎, 津田宽治, 高桥一生, 菅野莉央, 杉本哲太, 西原亚希, 宫崎将, 儿岛雄一, 松田一沙, 冈村洋一, 冈元夕纪子, 尾野真千子, 堀北真希, 樋口可南子, 近藤芳正, 草村礼子, 坂野丹迪, 大森南朋, 谷津勋, 小林麻耶, 天海祐希, 木内绿, 森田芳光, 田中美里, 渡边美里, 长野里美, 大岛智子",日本,"剧情, 爱情",47241
2369549,公众之敌,7.4,2009-06-18,https://img1.doubanio.com/view/photo/s_ratio_poster/public/p825100239.jpg,"约翰尼·德普, 克里斯蒂安·贝尔, 玛丽昂·歌迪亚, 比利·克鲁德普, 吉奥瓦尼·瑞比西, 查宁·塔图姆, 斯蒂芬·多尔夫, 凯瑞·穆里根, 迈克尔·萨松, 盖伊·范·斯瓦林根, 约翰·胡热那克, 丹·莱瑟姆, 斯蒂芬·格拉汉姆, 大卫·文翰, 艾米莉·德瑞文, 杰森·克拉克, 罗利·科奇瑞恩, 史蒂芬·朗, 约翰·奥提兹","美国, 日本","剧情, 传记, 历史, 犯罪",67495
1307649,女魔头,7.8,2003-12-17,https://img3.doubanio.com/view/photo/s_ratio_poster/public/p1384540432.jpg,"查理兹·塞隆, 克里斯蒂娜·里奇, 布鲁斯·邓恩, 李·特格森, 安妮·科利, 普路特·泰勒·文斯, 马科·圣约翰, 马克·麦考利, 斯科特·威尔森, 罗斯·布莱克维尔, 蒂姆·韦尔, 斯蒂芬·琼斯, 布雷特·赖斯, 凯特林·赖利, 克瑞·爱薇, 凯瑟琳·曼甘, 马格达莱纳·曼维尔, 格伦·R·怀尔德, 凯恩·霍德尔, 克里斯蒂安·斯托克斯, 巴巴·贝克, 吉姆·R·科曼, 钱德拉·利, 罗伯·张伯伦","美国, 德国","剧情, 传记, 犯罪, 同性",34272
1293213,恶魔,8.4,1955-01-29,https://img1.doubanio.com/view/photo/s_ratio_poster/public/p773231320.jpg,"西蒙·西涅莱, 薇拉·克劳佐, 保罗·默里斯, 夏尔·瓦内尔, 让·布罗沙尔, Thérèse Dorny, 米歇尔·塞罗尔, 乔治·沙马拉, 罗贝尔·达尔邦, Camille Guérini, 雅克·黑林, 让·勒费弗尔, 让·特默森, 雅克·瓦雷纳, 乔吉斯·伯乔利, Yves-Marie Maurin, 诺埃尔·罗克韦尔, 皮埃尔·拉尔凯, Jean-Pierre Bonnefous, Christian Brocard, 让·克拉里厄, Henri Coutet, 约翰尼·哈里戴, Zappy Max, Madeleine Suffel, Jimmy Urbain",法国,"剧情, 犯罪, 悬疑, 惊悚",19680
1422286,冰山上的来客,8.1,1963-02-02,https://img9.doubanio.com/view/photo/s_ratio_poster/public/p2902828755.jpg,"梁音, 谷毓英, 恩和森, 张辉, 马陋夫, 阿木都力力提, 阿依夏木, 白德彰, 王春英, 张冲霄",中国大陆,"剧情, 悬疑, 战争",13450
10545939,黄金时代,7.4,2014-10-01,https://img3.doubanio.com/view/photo/s_ratio_poster/public/p2167320927.jpg,"汤唯, 冯绍峰, 王志文, 朱亚文, 黄轩, 郝蕾, 袁泉, 田原, 丁嘉丽, 王千源, 沙溢, 祖峰, 张译, 冯雷, 袁文康, 陈奕丞, 王紫逸, 张嘉益, 王景春, 杨雪, 焦刚, 张博, 张瑶, 唐艺昕, 凌正辉, 由立平, 王国华, 王志飞, 张鲁一, 曹卫宇, 屈菁菁, 嵇波, 王凯, 钱波, 李梦","中国大陆, 中国香港","剧情, 传记, 爱情",191554
35160926,狩猎,7.7,2022-05-20,https://img9.doubanio.com/view/photo/s_ratio_poster/public/p2875472104.jpg,"李政宰, 郑雨盛, 全慧珍, 许成泰, 高允贞, 黄政民, 朱智勋, 金南佶, 朴成雄, 赵祐镇, 郑满植, 金钟秀, 车宇振, 金灿亨, 赵永美, 李家晴, 林炯局, 李星民, 刘在明",韩国,"剧情, 动作",80051
3144512,同心难改,8.1,2008-11-21,https://img1.doubanio.com/view/photo/s_ratio_poster/public/p2425131039.jpg,"丽莎·蕾, 茜多·塞丝, 安东尼娅·弗林, 达里普·塔西尔, 妮娜·瓦迪娅, Ernest Ignatius, Siddiqua Akhtar, 艾波·罗丝·雷瓦, 安雅·拉希里, Kimberly Jaraj, Sam Vincenti, 雷兹·肯普顿, 达尔文·肖, George Tardios, Ishwar Maharaj, Gabrielle Amies, Jessica Allsop, 伊恩·曼",英国,"剧情, 爱情, 同性",39195
5985888,少年菀得,8.2,2011-10-20,https://img1.doubanio.com/view/photo/s_ratio_poster/public/p1210003878.jpg,"刘亚仁, 金允石, 金相镐, 尹敬浩, 李率求, 利禹镇, 安吉江, 千永严",韩国,"剧情, 动作, 运动",33808
3321409,别让我走,7.6,2010-09-03,https://img1.doubanio.com/view/photo/s_ratio_poster/public/p564143648.jpg,"凯瑞·穆里根, 安德鲁·加菲尔德, 伊兹·米克尔-斯莫, 凯拉·奈特莉, 查理·罗, 艾拉·珀内尔, 夏洛特·兰普林, 莎莉·霍金斯, 凯特·布兹·伦纳, 汉娜·夏普, 克里斯蒂娜·凯拉菲尔, 奥利弗·帕森斯, 卢克·布莱恩特, 菲德利斯·摩根, 达米安·托马斯, 娜塔莉·理查德, 大卫·斯特恩, 安德丽娅·赖斯伯勒, 多姆纳尔·格里森, 查尔斯·科克, 西尔维·麦克唐纳, 凯特·锡松斯, 莫妮卡·杜兰, 莉迪亚·威尔逊, 哈吉·利弗","英国, 美国","剧情, 爱情, 科幻",88432
2303845,刺客聂隐娘,7.3,2015-08-27,https://img1.doubanio.com/view/photo/s_ratio_poster/public/p2262306528.jpg,"舒淇, 张震, 周韵, 妻夫木聪, 阮经天, 谢欣颖, 倪大红, 咏梅, 雷镇语, 许芳宜, 毕安生, 张少怀, 石隽, 梅芳, 戴立忍, 忽那汐里, 高捷, 刘澍颖","中国台湾, 中国大陆, 中国香港","剧情, 武侠, 古装",224219
26933588,圣母,7.8,2021-07-09,https://img9.doubanio.com/view/photo/s_ratio_poster/public/p2713726815.jpg,"维尔日妮·埃菲拉, 夏洛特·兰普林, 达芙妮·帕塔基亚, 朗贝尔·维尔森, 奥利维尔·雷堡汀, 埃尔韦·皮埃尔, 克洛蒂尔·蔻洛, 安托万·利兰达斯, 吉莱纳·隆代, 路易丝·舍维约特, 塞特雅·杜索戈, 亚历克西娅·夏达, 杰罗姆·察帕特, 索菲·布雷耶","法国, 荷兰","剧情, 历史, 同性",53205
1300186,春逝,7.9,2001-09-28,https://img2.doubanio.com/view/photo/s_ratio_poster/public/p1369457641.jpg,"李英爱, 刘智泰, 李文植, 朴仁焕, 白钟学, 孙荣顺, 金美卿","韩国, 日本, 中国香港","剧情, 爱情",24665
1295614,士兵之歌,9.1,1959-12-01,https://img3.doubanio.com/view/photo/s_ratio_poster/public/p806332287.jpg,"弗拉迪米尔·伊瓦绍夫, 然娜·普罗霍连科, 安东宁娜·马克西莫娃, 尼古拉·克留奇科夫, 叶甫盖尼·乌尔班斯基, 艾尔莎·拉兹金, 亚历山大·库兹涅佐夫, 耶维热尼·泰特林, 瓦伦蒂娜·马克瓦, 玛丽娜·克雷尼尔娃, 弗拉基米尔·伯克洛夫斯基, 格奥尔吉·尤玛托夫, 根纳季·尤赫金, 瓦伦蒂娜·特莱吉纳, 列夫·鲍里索夫, 列昂尼德·丘巴罗夫, 弗拉基米尔·卡什普尔, 谢苗·斯瓦申科, 尼娜·缅希科娃, 瓦连京·布雷列耶夫, 叶甫根尼·耶夫斯基格涅耶夫, 尤里·杜布罗温",苏联,"剧情, 爱情, 战争",16229
1300912,魂断威尼斯,8.2,1971-03-01,https://img9.doubanio.com/view/photo/s_ratio_poster/public/p2582967926.jpg,"德克·博加德, 罗慕洛·瓦利, 马克·伯恩斯, 诺拉·里奇, 马里莎·贝伦森, 凯荷·安德烈, 伯恩·安德森, 西尔瓦娜·曼加诺, 莱斯利·弗伦奇, 佛朗哥·法布里齐, 安东尼奥·阿皮切拉, 塞尔吉奥·加法尼奥利, 西罗·克里斯托弗莱蒂, 路易吉·巴塔利亚, 多米妮克·达雷尔, 玛莎·普雷迪特, 埃娃·阿克森, 马尔切洛·博尼尼·奥拉斯, 妮可莱塔·埃尔米, 米莱拉·班斐里, 马科·图里, 吉安卡罗·吉安尼尼","意大利, 法国","剧情, 同性",29886
1394163,呆佬拜寿,7.6,1995-09-28,https://img1.doubanio.com/view/photo/s_ratio_poster/public/p2407176748.jpg,"刘青云, 吴倩莲, 黄子华, 乔宏, 元华, 林晓峰, 谷德昭, 黄一飞, 谢志华, 邓梓峰, 楼南光, 彭美嫦",中国香港,"剧情, 喜剧, 爱情",37416
1303066,莫斯科不相信眼泪,8.5,1980-02-11,https://img3.doubanio.com/view/photo/s_ratio_poster/public/p2542279117.jpg,"薇拉·阿莲托娃, 阿列克谢·巴塔洛夫, 伊琳娜·穆拉维耶娃, 亚历山大·法秋申, 罗莎·梁赞诺娃, 鲍里斯·斯莫奇科夫, 尤里·瓦西里耶夫, 娜塔莉亚·瓦维洛娃, 奥列格·塔巴科夫, Yevgeniya Khanayeva, Viktor Uralsky, Zoya Fyodorova, 利亚·阿赫贾科娃, Tatyana Konyukhova, 因诺肯季·斯莫克图诺夫斯基, 格奥尔吉·尤玛托夫, Leonid Kharitonov, 加里·巴尔丁, 弗拉基米尔·巴索夫, 亚历山大·博罗德扬斯基, Aleksandra Danilova, 弗拉基米尔·米·古谢夫, Viktor Lazarev, 弗拉基米尔·缅绍夫, Sergei Nikitin, 安德烈·沃兹涅先斯基, Inna Vykhodtseva, A. Zhiltsov, Mikhail Zimin, 瓦伦蒂娜·乌沙科娃, Tatyana Konyukhova, Natalya Sayko, 穆莎·克列普科戈尔斯卡娅, Vladlen Paulus, 冯明义",苏联,"喜剧, 剧情, 爱情",22501
1306021,山中传奇,8.4,1979-10-04,https://img3.doubanio.com/view/photo/s_ratio_poster/public/p2263188547.jpg,"石隽, 徐枫, 张艾嘉, 田丰, 吴明才, 佟林, 徐彩虹, 孙越, 吴家骧, 田淑, 陈慧楼, 金昌根, 鲁纯, 金纹廷",中国香港,"剧情, 奇幻, 古装",13269
1400240,去年在马里昂巴德,8.3,1961-08-29,https://img9.doubanio.com/view/photo/s_ratio_poster/public/p2186651056.jpg,"德菲因·塞里格, 乔治·阿尔贝塔齐, 萨夏·皮托埃夫, 弗朗索瓦丝·斯皮拉, Davide Montemurri, 热拉尔·洛林, 弗朗科西斯·博汀, 路思·加西亚-维莱","法国, 意大利","剧情, 爱情, 悬疑",25423
4307349,父后七日,8.0,2010-08-27,https://img1.doubanio.com/view/photo/s_ratio_poster/public/p719996829.jpg,"王莉雯, 吴朋奉, 太保, 张诗盈, 朱家仪, 王育麟",中国台湾,"剧情, 家庭",18493
5993185,星空,7.2,2011-11-03,https://img3.doubanio.com/view/photo/s_ratio_poster/public/p1631281853.jpg,"徐娇, 林晖闵, 刘若英, 庾澄庆, 桂纶镁, 蔡淑臻, 曾江, 石锦航, 李烈, 陈玉勋, 黄诗涵","中国大陆, 中国台湾","剧情, 爱情, 奇幻",134892
1980825,永远的三丁目的夕阳2,8.7,2007-11-03,https://img1.doubanio.com/view/photo/s_ratio_poster/public/p1011704039.jpg,"吉冈秀隆, 堤真一, 小雪, 堀北真希, 三浦友和, 药师丸博子, 小池彩梦, 平田满, 上川隆也, 贯地谷栞, 手塚理美, 饭田基祐, 浅利阳介, 福士诚治, 浅野和之, 吹石一惠, 小木茂光, 须贺健太, 罇真佐子, 小日向文世, 小清水一挥, 神户浩, 温水洋一, 富田昌则",日本,剧情,18394
1293868,龙凤配,7.8,1954-09-09,https://img3.doubanio.com/view/photo/s_ratio_poster/public/p1229587917.jpg,"亨弗莱·鲍嘉, 奥黛丽·赫本, 威廉·霍尔登, 沃尔特·汉普顿, 约翰·威廉姆斯, 玛莎·海尔, 霍安·沃斯, 马塞尔·达里奥, 马塞尔·希莱尔, 内拉·沃克, 弗朗西斯·X·布什曼, 埃伦·科比",美国,"喜剧, 剧情, 爱情",39853
1306885,幻之光,8.2,1995-12-09,https://img9.doubanio.com/view/photo/s_ratio_poster/public/p2677535794.jpg,"江角真纪子, 内藤刚志, 浅野忠信, 木内绿, 柄本明, 樱睦子, 赤井英和, 市田广美, 寺田农, 大杉涟, 桥本菊子, 吉野纱香",日本,剧情,25493
3053521,二十四城记,7.4,2009-06-03,https://img1.doubanio.com/view/photo/s_ratio_poster/public/p2567418569.jpg,"吕丽萍, 陈冲, 赵涛, 陈建斌","中国大陆, 中国香港, 日本",剧情,43466
33428622,叔·叔,7.6,2019-10-04,https://img9.doubanio.com/view/photo/s_ratio_poster/public/p2588031096.jpg,"太保, 袁富华, 区嘉雯, 卢镇业, 胡轶心, 林耀声, 江涛, 王晓怡, 刘亭君, 施魅力, 黄国辉, 翟紫筠, 刘日东, 刘仲轩, 蒋轩奇, 樊石秋, 江观𡉼, 黄靖瑜, 郭百宁, 林国梁",中国香港,"剧情, 同性",27563
1889152,银行大劫案,7.5,2008-02-28,https://img3.doubanio.com/view/photo/s_ratio_poster/public/p1060994552.jpg,"杰森·斯坦森, 萨弗蓉·布罗斯, 斯蒂芬·坎贝尔·莫尔, 丹尼尔·梅斯, 詹姆斯·福克纳, 阿尔基·戴维, 迈克尔·吉普森, 乔治娅·泰勒, 理查德·林特恩, 彼得·鲍勒斯, 埃利斯戴尔·皮特里, 哈蒂·莫拉汉, 朱利安·刘易斯·琼斯, 安德鲁·布鲁克, 鲁珀特·弗雷泽, 克里斯托弗·欧文, 凯莉·霍威, 唐·加拉格尔, 克雷格·法布拉斯, 杰拉德·霍兰, 罗伯特·怀特洛克, 大卫·苏切, 彼得·德·杰西, 约翰·迈尔斯, 科林·萨蒙, 莎朗·摩翰, 雷·尼古拉斯, 杰米·肯纳, 安格斯·瑞特, 马克·菲尼克斯, 朱利安·弗思, 鲁珀特·范西塔特, 布隆森·韦伯, 奥马尔·穆斯塔法, 迈克尔·豪伊, 雷·特里克特, 厄休拉·莫汉, 史蒂夫·巴尔萨莫, 米克·贾格尔","英国, 美国, 澳大利亚","犯罪, 剧情, 惊悚",57377
26356488,一九四四,8.2,2015-02-08,https://img9.doubanio.com/view/photo/s_ratio_poster/public/p2331600466.jpg,"卡斯帕·威尔伯格, 克里斯蒂安·乌克斯库拉, 麦肯·施密特, 格特·劳塞, 亨德里克·图姆佩勒, 卡尔·安德烈亚斯·卡梅特, 亨里克·卡尔梅特, 帕努·欧加, 普瑞特·斯川伯格, 普瑞特·派厄斯, 马特·派厄斯, 克瑞斯托·维丁, 贾克·普林特斯, 马格努斯·马里乌森, 迈特·马姆斯登, 托努·欧加, 瑟珀·西曼, 安妮·里曼, 拉斯姆斯·爱默尔","爱沙尼亚, 芬兰","剧情, 历史, 战争",23778
30340038,吉祥,7.8,2018-11-10,https://img3.doubanio.com/view/photo/s_ratio_poster/public/p2540195487.jpg,"王吉祥, 刘陆",中国大陆,"剧情, 家庭",19163
25944886,灾难艺术家,7.5,2017-09-11,https://img3.doubanio.com/view/photo/s_ratio_poster/public/p2498866082.jpg,"詹姆斯·弗兰科, 戴夫·弗兰科, 塞斯·罗根, 艾莉·葛瑞那, 爱丽森·布里, 杰基·韦佛, 保罗·谢尔, 扎克·埃夫隆, 乔什·哈切森, 琼·黛安·拉斐尔, 梅根·莫拉莉, 杰森·曼楚克斯, 安德鲁·桑提诺, 内森·菲尔德, 乔·曼德, 莎朗·斯通, 约翰·厄尔利, 梅兰尼·格里菲斯, 汉尼拔·布勒斯, 查琳·易, 彼得·吉尔罗伊, 劳伦·阿什, 舒格·林·彼尔德, 鲍勃·奥登科克, 布莱恩·赫斯基, 梅根·弗格森, 兰道尔·朴, 斯蒂芬·刘, 凯西·威尔逊, 杰洛德·卡尔迈克, 豪莎·罗克莫雷, 凯莉·奥克斯福德, 凯瑟·多诺休, 德丽·海明威, 安吉琳, 汤姆·佛朗哥, 佐伊·达奇, 伊克·巴里霍尔兹, 凯文·史密斯, J·J·艾布拉姆斯, 科甘-迈克尔·凯, 亚当·斯科特, 丹尼·麦克布莱德, 克里斯汀·贝尔, 贾德·阿帕图, 丽兹·卡潘, 托米·韦素, 都铎·蒙特亚努, 布莱恩·克兰斯顿, 扎克·布拉夫",美国,"剧情, 喜剧, 传记",51645
27197086,国家破产之日,7.5,2018-11-28,https://img9.doubanio.com/view/photo/s_ratio_poster/public/p2536564565.jpg,"金惠秀, 刘亚仁, 许峻豪, 赵祐镇, 文森特·卡塞尔, 金弘波, 严孝燮, 宋永彰, 权海骁, 赵汉哲, 柳德焕, 朴真珠, 张成范, 全裴修, 金民尚, 郑圭洙, 金雷夏, 李喜元, 丹尼尔·乔伊·奥尔布赖特, 韩志旼, 金亨奎, 廉惠兰, 柳泰浩, 尹炳熙, 崔俊英, 瑞安·毛瑞尔, 金泰律, 郑宗烈, 刘尚宰, Si-hoon Choi , 卞真洙, 金炯默, 李豪宰, 黄仁俊, 姜汉泉, 李真胜, 杨末福, 孙敏锡, 安秀浩, 韩利进",韩国,剧情,49474
27186348,春潮,7.1,2020-05-17,https://img9.doubanio.com/view/photo/s_ratio_poster/public/p2559868455.jpg,"郝蕾, 金燕玲, 曲隽希, 李文波, 张紫淇, 赵阳, 李至强, 黄尚禾, 杨均柏, 吕冬梅, 王亚楠, 闫肃",中国大陆,"剧情, 家庭",80826
3073268,传奇的诞生,7.7,2018-09-07,https://img3.doubanio.com/view/photo/s_ratio_poster/public/p2531286907.jpg,"凯文·德·保拉, 莱昂纳多·利马·卡瓦柳, 塞乌·乔奇, 马丽雅娜·努涅斯, 米尔顿·哥恩卡维斯, 塞思·迈克尔斯, 文森特·多诺费奥, 安德瑞·马托斯, 菲尔·米勒, 拉斐尔·亨里克斯, 费利佩·西马斯, 阿德里亚诺·阿拉贡, 玛丽安娜·巴尔沙, 小埃里克·贝尔, 迪耶戈·博内塔, 拉斐尔·托梅, 贝利, 科尔姆·米尼, 托尼娅·科妮斯, 布兰登·威尔逊, 凯文·德·保拉, 罗德里戈·桑托罗",美国,"剧情, 传记, 运动",35289
27150277,生无可恋的奥托,7.6,2023-03-24,https://img3.doubanio.com/view/photo/s_ratio_poster/public/p2888752193.jpg,"汤姆·汉克斯, 玛丽安娜·特雷维尼, 瑞秋·凯勒, 曼努埃尔·加西亚-鲁尔福, 卡梅隆·布莱顿, 尤安妮塔·詹宁斯, 彼得·劳森·琼斯, 迈克·贝达, 特鲁曼·汉克斯, 亚历桑德拉·佩雷兹, 克里斯蒂安娜·蒙托亚, 凯利·拉莫尔·威尔逊, 凯莉·海曼, 马克斯·帕维尔, 埃蒙妮·艾莉森, 拉维尔·雪利, 迈克·比尔比利亚, 朱利安·曼杰里科, 斯宾塞·格兰斯, 乔恩·多纳休, 柯克·凯利, 卡尔·克莱蒙斯, 弗兰基·帕隆比, 艾丽·查普曼, 彼得·西普拉","瑞典, 美国","剧情, 喜剧",39034
34833851,不止不休,7.0,2023-03-24,https://img9.doubanio.com/view/photo/s_ratio_poster/public/p2619196604.jpg,"白客, 苗苗, 张颂文, 宋洋, 王奕权, 周野芒, 秦海璐, 胡天渝, 白红标, 张磊, 程小夏, 贾樟柯, 刘洋, 原文倩, 李博, 徐志鹏, 孔令美, 王沛禄, 白培将, 梁刚, 邓玉林, 常凯宁, 魏如光, 王尊, 赵润南, 陈伟奋, 赵珞然, 叶秋森, 曹需恒, 韩三明, 钱多多, 王成, 王新忠, 张撼依, 张冬, 张雪峰, 超凡, 王力, 梁嘉艳, 刘霖, 王伟波, 红花, 郝刚, 刘炎迅",中国大陆,剧情,112735
4896304,龙门飞甲,6.9,2011-12-15,https://img1.doubanio.com/view/photo/s_ratio_poster/public/p1311653469.jpg,"李连杰, 周迅, 陈坤, 李宇春, 桂纶镁, 范晓萱, 樊少皇, 杜奕衡, 刘家辉, 张馨予, 盛鉴, 王双宝, 韩飞行, 李炳渊, 吴迪, 李思博, 吕德亮, 戴明, 石占杰, 沙学周, 周恩恩, 孙建魁, 孙歆琦, 王在和, 周大庆","中国大陆, 中国香港","剧情, 动作, 武侠, 古装",314432
6730004,爱,6.9,2012-02-13,https://img3.doubanio.com/view/photo/s_ratio_poster/public/p1382128012.jpg,"舒淇, 赵又廷, 阮经天, 陈意涵, 郭采洁, 彭于晏, 钮承泽, 龙劭华, 于美人, 康晋荣, 王景春, 林沐然, 杨贵媚, 丁强, 李璇, 小野, 卜学亮, 朱芷莹, 张海燕, 张家鲁, 杜家毅, 凤小岳, 黄镫辉, 蔡昌宪, 陈汉典, 陈玉勋, 黄健和, 邱彦翔, 纪帅, 邱德洋, 林玟谊, 璟宣, 佟磊, 福海","中国台湾, 中国大陆","剧情, 爱情",226476
3217894,龙纹身的女孩,7.5,2009-02-27,https://img3.doubanio.com/view/photo/s_ratio_poster/public/p849332967.jpg,"迈克尔·恩奎斯特, 劳米·拉佩斯, 莱娜·恩卓, 斯文-伯蒂尔·陶布, 彼得·哈贝尔, 彼得·安德森, 马莉卡·拉格尔克朗斯, 英格瓦·希德沃尔, 比约恩·格拉纳特, 阿娃·弗洛灵, 米凯利斯·库佐吉亚纳基斯, 安妮卡·哈林, 索菲亚·德拉普, 托马斯·科勒, 大卫·丹席克, 斯特凡·索克, 哥斯塔·布雷德费尔特, 弗雷德里克·奥尔森, 雅各布·埃里克松, 古内尔·林德布洛姆, 安娜·雅斯敏·盖比, 米卡尔·拉姆, 伦纳特·R·斯文森, 威利·安德亚森, 亚历山德拉·帕斯卡里杜, 特希拉·布拉德, 茱莉亚·斯波尔","瑞典, 丹麦, 德国, 挪威","犯罪, 剧情, 悬疑, 惊悚",41001
33446524,剧场,7.8,2020-07-17,https://img1.doubanio.com/view/photo/s_ratio_poster/public/p2610788779.jpg,"山崎贤人, 松冈茉优, 宽一郎, 伊藤沙莉, 井口理, 浅香航大, 上川周作, 大友律, 三浦诚己, 吹越满, 白石和弥",日本,"剧情, 爱情",27742
26297388,这时对，那时错,7.6,2015-08-13,https://img2.doubanio.com/view/photo/s_ratio_poster/public/p2264531221.jpg,"郑在泳, 金敏喜, 尹汝贞, 奇周峯, 崔华静, 刘俊相, 徐永嬅, 高我星",韩国,剧情,34133
26421442,滚烫的爱,8.0,2016-10-07,https://img1.doubanio.com/view/photo/s_ratio_poster/public/p2370019558.jpg,"宫泽理惠, 杉咲花, 小田切让, 松坂桃李, 筱原友希子, 骏河太郎, 安藤圣",日本,"剧情, 家庭",22539
26965165,马斯顿教授与神奇女侠,7.9,2017-09-09,https://img1.doubanio.com/view/photo/s_ratio_poster/public/p2502244869.jpg,"卢克·伊万斯, 丽贝卡·豪尔, 贝拉·希思科特, 康妮·布里登, 莫妮卡·乔达诺, 约翰·约瑟夫·菲尔德, 克里斯·康罗伊, 奥利弗·普莱特, 玛吉·卡斯特, 阿莱克斯·哈维斯, 莎伦·库珀, 阿莉·加莱拉尼, 克里斯托弗·乔恩·贡博什, 拉里·尤登, 肯·奇斯曼, 克里斯托弗·保罗·理查兹",美国,"剧情, 传记, 爱情, 同性",24157
1296805,无语问苍天,8.5,1990-12-12,https://img3.doubanio.com/view/photo/s_ratio_poster/public/p2200706542.jpg,"罗伯特·德尼罗, 罗宾·威廉姆斯, 朱莉·卡夫娜, 鲁思·尼尔森, 约翰·赫德, 佩内洛普·安·米勒, 爱丽丝·德拉蒙德, 朱迪丝·马利纳, 巴顿·海曼, 乔治·马丁, 安妮·米拉, 理查德·利伯蒂尼, 劳拉·伊斯特曼, 德克斯特·戈登, 杰恩·海恩斯, 勒克朗谢·迪兰德, 尤瑟夫·布罗斯, 史蒂文·兰达佐, Gloria Harper, Gwyllum Evans, 玛丽·凯瑟琳·莱特, 玛丽·爱丽丝, 凯斯·戴蒙德, 史蒂夫·维诺维奇, 泰格·海恩斯, John Christopher Jones, 布莱德利·惠特福德, 马克斯·冯·叙多夫, 哈维-米勒, Tanya Berezin, 彼得·斯特曼, 查尔斯·基廷, Christina Huertes, Gary Tacon, Mel Gorham, Anthony J. Nici, 维森特·帕斯托雷, 伦纳德·泰珀, Libby Titus, Jack Mulcahy, Oliver Block, 范·迪塞尔, James Medina, 汤姆·法雷尔",美国,"剧情, 传记",15618
3725295,断线,7.9,2013-04-12,https://img3.doubanio.com/view/photo/s_ratio_poster/public/p1885248563.jpg,"杰森·贝特曼, 霍普·戴维斯, 弗兰克·格里罗, 宝拉·巴顿, 安德丽娅·赖斯伯勒, 亚历山大·斯卡斯加德, 迈克尔·恩奎斯特, 麦克斯·泰瑞奥, 科林·福特, 乔纳·波波, 哈莉·拉姆, 诺尔贝特·里奥·布茨, 卡斯·莱蒙斯, 埃林·维赫米, 亚历克斯·马内塔, 马克·祖潘, 马克·雅可布, 阿维德·贝尔恩斯坦, Ella Lentini",美国,"剧情, 惊悚",23510
22266320,深海浩劫,7.0,2016-11-15,https://img9.doubanio.com/view/photo/s_ratio_poster/public/p2396092735.jpg,"马克·沃尔伯格, 迪伦·奥布莱恩, 约翰·马尔科维奇, 库尔特·拉塞尔, 吉娜·罗德里格兹, 凯特·哈德森, J·D·埃弗摩尔, 乔·克里斯特, 约翰·阿米乔, 布拉德·利兰, 道格拉斯·M·格里芬, 克里斯·阿斯沃思, 朱莉娅·霍特, 穆斯塔法·哈里斯, 伊桑·苏普利, 詹姆斯·杜蒙特, 罗伯特·沃克·布兰乔德","美国, 中国香港","剧情, 冒险, 灾难",56036
35350109,可怜的东西,6.9,2023-09-01,https://img1.doubanio.com/view/photo/s_ratio_poster/public/p2897662939.jpg,"艾玛·斯通, 马克·鲁弗洛, 威廉·达福, 拉米·尤素夫, 克里斯托弗·阿波特, 苏西·本巴, 杰洛德·卡尔迈克, 凯瑟琳·亨特, 薇琪·佩珀代因, 玛格丽特·库里, 汉娜·许古拉, 杰克·巴顿, 查理·希斯科克, 阿提拉·多拜, 艾玛·欣德尔, 安德斯·奥洛夫·格伦德伯格, 艾提拉·凯科斯克麦西, 朱西马尔·巴尔博萨, 卡米尼奥, 安杰拉·保拉·史丹德尔, 古斯塔沃·戈麦斯, 凯特·汉福德, 欧文·古德, 兹恩·约书亚·泊松, 薇薇安·索恩, 杰尔斯金·芬德里克斯, 韦恩·布雷特, 凯奇凯梅西·阿提拉, 达米安·勃纳尔, 杰瑞米·惠勒, 罗德里克·希尔, 安德鲁·赫夫勒, 欧格斯·斯特凡纳科斯, 加博·帕泰,  洛朗·博雷尔, 多丽娜·科瓦奇, 鲍里斯·吉洛, 迈尔斯·约维安, 帕特里克·代·瓦莱特, 亚诺什·格莱布, 马苏德·达希尔, 塔马斯·萨博·西珀斯, 多诺万·福西尔, 诺亚·布雷顿, 亚历山德拉·托特, 萨姆·J·夏沃, 瑟林纳·施莱谢尔, 希沙姆·奥马尔, 格戈·博尔巴斯, 戴维·布罗姆利, 约翰·洛克, 布鲁纳·阿斯多里安","爱尔兰, 英国, 美国, 匈牙利","剧情, 喜剧, 爱情, 科幻",147384
3569969,孩子们都很好,7.5,2010-07-30,https://img9.doubanio.com/view/photo/s_ratio_poster/public/p587667124.jpg,"朱丽安·摩尔, 安妮特·贝宁, 马克·鲁弗洛, 米娅·华希科沃斯卡, 乔什·哈切森, 亚雅·达科斯塔, 库努尔·夏尔马, 艾迪·哈塞尔, 佐莎·马梅特, 华金·加里多, 莉萨·艾斯纳, 萨沙·斯皮尔伯格, 丽贝卡·劳伦斯·莱维",美国,"剧情, 喜剧, 同性, 家庭",33714
1401842,麦秋,8.7,1951-10-03,https://img9.doubanio.com/view/photo/s_ratio_poster/public/p2633786426.jpg,"原节子, 笠智众, 淡岛千景, 三宅邦子, 菅井一郎, 东山千荣子, 杉村春子, 井川邦子, 二本柳宽, 佐野周二, 高桥丰子, 宫口精二, 高堂国典, 志贺真津子, 田代芳子, 谷崎纯, 山本多美, 城泽勇夫, 村濑禅, 山田英子, 长谷部朋香",日本,"剧情, 家庭",13292
25718082,念念,7.0,2015-04-30,https://img9.doubanio.com/view/photo/s_ratio_poster/public/p2239530046.jpg,"梁洛施, 张孝全, 柯宇纶, 李心洁, 王识贤, 陈志朋, 贾孝国","中国香港, 中国台湾","剧情, 爱情, 家庭",47114
1294911,茶花女,8.3,1936-12-12,https://img1.doubanio.com/view/photo/s_ratio_poster/public/p964256918.jpg,"葛丽泰·嘉宝, 罗伯特·泰勒, 莱昂纳尔·巴里摩尔, 伊丽莎白·艾兰, 杰茜·拉尔夫, 亨利·丹尼尔, 丽诺尔·乌尔里克, 劳拉·霍普·克鲁斯, Rex O'Malley, John Bryan",美国,"剧情, 爱情",16327
25984803,假如猫从世界上消失了,7.4,2016-05-14,https://img9.doubanio.com/view/photo/s_ratio_poster/public/p2324946184.jpg,"佐藤健, 宫崎葵, 滨田岳, 奥野瑛太, 石井杏奈, 奥田瑛二, 原田美枝子",日本,"剧情, 奇幻",36056
2133340,年轻的维多利亚,7.3,2009-03-06,https://img3.doubanio.com/view/photo/s_ratio_poster/public/p1313979253.jpg,"艾米莉·布朗特, 鲁伯特·弗兰德, 保罗·贝坦尼, 米兰达·理查森, 吉姆·布劳德本特, 托马斯·克莱舒曼, 马克·斯特朗, 加斯帕·克里斯滕森, 吉娜薇·欧瑞丽, 肖恩·丁沃, 大卫·霍罗维奇, 戴维·罗布, 乔·哈特利, 伯纳德·劳埃德, 伊恩·米切尔, 马尔科姆·辛克莱, 朱丽亚·圣约翰, 劳利·厄尔拉姆, Dominic Preece, Princess Beatrice, 比阿特丽斯公主, 朱利安·格洛弗, 詹妮特·海因, 约瑟夫·阿尔京, 哈丽特·瓦尔特, 迈克尔·马罗尼, 汤姆·费舍尔, 米希尔·赫伊斯曼, 蕾切尔·斯特灵, 莫文·克里斯蒂, 汤姆·布鲁克","英国, 美国","传记, 剧情, 历史, 爱情",40919
1292541,光猪六壮士,7.7,1997-08-29,https://img9.doubanio.com/view/photo/s_ratio_poster/public/p1495415694.jpg,"罗伯特·卡莱尔, 马克·阿蒂, 威廉· 史乃普, 史蒂夫·惠森, 汤姆·威尔金森, 保罗·巴伯, 雨果·斯皮尔, 莱斯利·夏普, 艾米莉·伍夫, 迪尔德丽·科斯特洛, 保罗·巴特沃斯, Bruce Jones, Steve Garti, 丹尼斯·布兰奇, 戴维·朗斯代尔, 恩·赖特尔, 琼·布劳顿","英国, 美国","剧情, 喜剧",24873
2336735,生命之树,7.2,2011-05-16,https://img1.doubanio.com/view/photo/s_ratio_poster/public/p2242204049.jpg,"布拉德·皮特, 西恩·潘, 杰西卡·查斯坦, 亨特·麦奎肯, 拉勒米·艾普勒, 泰伊·谢里丹, 费奥纳·肖, 威尔·华莱士, 科尔·科伯恩, 克里斯塔尔·曼特孔, 珍妮·莎克沙夫特, 艾琳·贝达, 金伯利·惠伦, 卡瑞·玛切特, 乔安娜·高茵, 达利普·辛格, 布雷登·惠森亨特, 杰克逊·赫斯特, 莎凡娜·魏尔奇",美国,"剧情, 奇幻, 家庭",46511
